english,english-definition,spanish,spanish-definition,comments,proposals,category,tags
212C waiver,,exoneración conforme con la 212C,,,,,
,,,,,,,
abandon an appeal,,desistir a la apelación ,,"As per Jowers, pp. 166, various entries",,,
,,,,,,,
,,,,,,,
"abandonment of application, claim, relief ",,"desestimación de la apelación, la solicitud, el amparo solicitado",,"As per Jowers, pp. 166, various entries",,,
,,,,,,,
,,,,,,,
ABC (American Baptist Church),,Iglesia Bautista Norteamericana,,This may seem like a random term. Fair enough. It refers to case law: the American Baptist Churches v. Thornburgh (ABC) Settlement Agreement https://www.uscis.gov/humanitarian/refugees-and-asylum/asylum/american-baptist-churches-v-thornburgh-abc-settlement-agreement,,,
,,,,,,,
,,,,,,,
absentia order ,,orden en ausencia,,,,,
,,,,,,,
academic training ,,formación academica,,,,,
,,,,,,,
accredited representative,,representante acreditado,,"See 'Qualified Representative'. Qualified -- works with those who are not competent. Accredited -- not necessarily an attorney, can be prime.",,,
,,,,,,,
,,,,,,,
acquired citizenship,,ciudadanía de orígen/por nacimiento,,"In Spain and Guatemala, this is 'Ciudadanía de orígen'; in Mexico, 'por nacimiento'. See also 'Derivative Citizenship'.",,,
,,,,,,,
,,,,,,,
adjourn the case,,levantar la sesión,,"When a case is being 'adjourned' for a lengthy amount of time (weeks, months, years) consider 'suspender la sesión'.",,,
,,,,,,,
,,,,,,,
adjudication,,adjudicación,,"Manual de procedimientos y criterios para determinar la condición de refugiado y directrices sobre protección internacional, 169, 220, 235. También véase el diccionario del español jurídico de la RAE.",,,
,,,,,,,
,,,,,,,
adjudication withheld,,suspensión de la adjudicación,,See adjudication,,,
,,,,,,,
,,,,,,,
"adjustment of, to immigrant status ",,(visa to LPR) cambio de condicón (migratoria); (out of status/undocumented to LPR) regularización,,"Status is 'condición'. This is the term used by Mexico; Spain doesn't have a clear, obvious term for it. There is an asterisk here: ""adjustment"" covers a very broad range of circumstances, everything from SIJS to 42B to someone here on an H1B getting an I-130 through a USC spouse and then processing an I-485. In Mexico, going from undocumented/out of status to LPR equivalent would be ""regularización"", whereas going from a student visa to a residence status would be ""cambio de condición de estancia"". So, cambio de condición is always correct; regularización is correct when going from undocumented to LPR. https://www.gob.mx/tramites/identidad See 'nationality and status' reference for more guidance.",,,
,,,,,,,
,,,,,,,
"administrative closing, closure",,sobreseímiento a nivel administrativo,,"RAE, 'sobreseer': ""Der. Poner fin a un procedimiento penal o sancionador sin llegar a una resolución sobre el fondo.""",,,
,,,,,,,
,,,,,,,
administrative processing,,tramitación administrativa,,,,,
,,,,,,,
admissibility of evidence,,admisibilidad de las pruebas,,,,,
,,,,,,,
admissible (to enter),,admisible (para entrar al país),,See discussion under 'Entry'.,,,
,,,,,,,
admission,,admisión; internación,,See discussion under 'Entry'.,,,
,,,,,,,
,,,,,,,
admit allegations (and concede removability),,"admitir las pretensiones de hecho/fácticas, reconocer la expulsabilidad",,,,,
,,,,,,,
admitted or paroled ,,Admitido o admitido condicionalmente al país,,,,,
,,,,,,,
adopted child,,Menor adoptado,,,,,
,,,,,,,
advance parole,,Permiso condicional anticipada de entrar al país,,,,,
,,,,,,,
affidavit of support,,Declaración jurada de patrocinio económico,,As per USCIS.,,,
,,,,,,,
,,,,,,,
"affidavit, sworn statement",,"afidávit, declaración jurada",,,,,
,,,,,,,
affirmative asylum process,,Proceso de asilo afirmativo,,,,,
,,,,,,,
affirmed (an appeal) ,,"declarar firme (la resolución recurrida o apelada), declarar haber lugar",,See 'Decisions and Appeals' reference,,,
,,,,,,,
,,,,,,,
age out,,"pasar, sobrepasar la edad máxima",,,,,
,,,,,,,
agent,,(Law Enforcement officer) Agente; (Government employee) Funcionario; (Authorized representative) Apoderado,,,,,
,,,,,,,
aggravated felon,,"Autor, con antecedentes de delitos con agravantes",,,,,
,,,,,,,
aggregate term of imprisonment,,periodo total de reclusión,,,,,
,,,,,,,
AILA,,AILA,,"Absent an official translation from AILA, treat their acronym as a proper noun and leave it untranslated; if clarification is required, the full name is American Immigration Lawyers Association.",,,
,,,,,,,
,,,,,,,
alias,,Alias,,"Also consider sobrenombre, which depending on the context can have meanings as varied as nickname, alias, AKA, or nom de guerre.",,,
,,,,,,,
,,,,,,,
alien ,,Extranjero,,,,,
,,,,,,,
"alien registration number (""A"" Number)/alien ID number/alien number ",,Número de extranjero,,,,,
,,,,,,,
alien smuggling ,,Trata de extranjeros,,"While in English, 'smuggling' can be used for any sort of thing or person, Spanish does make a differentiation between contrabando, de bienes, and trata, de personas. That said, a common question is did you hire a smuggler to get you across the border? Though this could be rendered simply with the term 'contrabandista', 'traficador de personas' is also found in the Mexican press and is readily understood.",,,
,,,,,,,
,,,,,,,
aliens previously removed ,,Extranjero previamente expulsado,,,,,
,,,,,,,
allegations v. charges,,pretensiones de hecho/fácticas v. imputaciones,,,,,
,,,,,,,
alleged persecution ,,"presunta, supuesta persecución",,"Alegada' would mean 'that has been argued', roughly, and therefore is not the meaning sought here. Two good options are 'presunto' and 'supuesto'.",,,
,,,,,,,
,,,,,,,
alternate order of removal,,Orden alternativa de expulsión,,,,,
,,,,,,,
annual limit,,límite anual,,A number of different types of visas (including those granted through 42-B relief) have limits as to the number that can be issued each year.,,,
,,,,,,,
,,,,,,,
Antiterrorism and Effective Death Penalty Act,,Ley de Antiterrorismo y de una Pena de Muerte Efectiva,,"The 'death penalty' part of this refers to provisions for the death penalty in the use of plastic explosives, as well as in the killing or attempted killing of multiple people. (https://www.congress.gov/104/plaws/publ132/PLAW-104publ132.htm) The term 'effective' has a few potential meanings, primarily A) in effect, as in, vigente, B) having the desired effect, efectivo, as well as C) having the end result of despite it not being specifically provided for, which would be something like realor actual. At no point in the above-cited legal text is the term effective, in fact, defined in the way it is used in the title of the law. Are we creating an ""effective death penalty"" despite the absence of a death penalty, or are we creating a ""death penalty"" that is more effective, as in, actually results in deaths of those convicted of the corresponding qualifying crimes? It would appear that we are, in fact, referring to the latter -- as the law provides for the death penalty in more cases than previously, and strips away some (apparently many) habeas corpus protections previously available. Therefore, a literal translation is justified -- Ley de Antiterrorismo y de una Pena de Muerte Efectiva.   ",,,
,,,,,,,
,,,,,,,
appeal,,Apelar; recurrir,,"""recurrir"" is technically the generic, un-marked equivalent in Spanish for ""appeal"" in English. However, ""recursos"" include a number of remedies that, in English, would be equivalent to ""motions to reconsider"" -- a request for reconsideration that does not go to a higher court. In English, ""appeal"" implies, if not necessarily requires, that the same be to a court of higher instance. Moreover, in the Immigration context, all appeals are, in fact, to a court of higher instance (although maybe, once a case has been successfully appealed at the BIA and remanded to the EOIR for further hearings, this might in fact be a ""recurso""); thus, virtually whenever we are discussing appeals in the EOIR, it would be appropriate to talk about ""apelaciones"", which would be most accurately translated as ""appeals to a court of higher instance"". Of course, ""recurrir"" is *also* correct, but could be considered higher or more technical in its register, and perhaps should not be recommended due to that reason. See specifically Jowers, 164 and 168.",,,
,,,,,,,
,,,,,,,
appeal a case ,,"Apelar, recurrir un caso",,See 'appeal',,,
,,,,,,,
,,,,,,,
appeal dismissed ,,"La apelación quedó, fue desestimada",,See 'appeal',,,
,,,,,,,
,,,,,,,
"appeal, notice of ",,Aviso de apelación,,,,,
,,,,,,,
appear to be eligible (you) ,,"Parece que reúne, cumple con los requisitos",,"Keep in mind that 'elegible', while it is used, and if an LEP uses it, might be the best way to communicate the concept, technically means 'able to be chosen' and is a false cognate.",,,
,,,,,,,
,,,,,,,
applicant,,solicitante,,"Applicant: someone who is in asylum only or withholding only proceedings, or in a CFR or RFR procedure. Using the term during 240 proceedings is technically incorrect, but it occurs nonetheless. See 'parties' reference for more.",,,
,,,,,,,
,,,,,,,
applicant appears genuinely afraid of persecution,,solicitante parece tener un temor genuino/auténtico de la persecución,,See 'applicant',,,
,,,,,,,
,,,,,,,
applicant for admission,,solicitante de admisión,,see above,,,
,,,,,,,
,,,,,,,
applicant for political asylum ,,solicitante de asilo político,,see above,,,
,,,,,,,
,,,,,,,
application,,solicitud,,"compare with 'petición', which is more of a request or a motion.",,,
,,,,,,,
,,,,,,,
application for adjustment of status ,,solicitud de cambio de condición migratoria,,"See 'adjustment of status', above, and 'nationality and status' reference for  more.",,,
,,,,,,,
,,,,,,,
application for immigrant visa and alien registration,,"solicitud de visado de residente, inmigrante y registro como extranjero",,See 'immigrant visa' for more.,,,
,,,,,,,
,,,,,,,
Application Support Centers,,Centros de Asistencia en Solicitudes,,"USCIS says ""Centros de Asistencia en Solicitudes"". Given that these are USCIS offices, this is recommended.",,,
,,,,,,,
,,,,,,,
appointment package,,conjunto de documentos para la cita,,"As per Staff Interpreter Catherine Piña, this is not 'paquete' -- there is no box, no paper-wrapped package sent through the mail.",,,
,,,,,,,
,,,,,,,
apprehension,,"detención, arresto",,This term is often used euphemistically by DHS attorneys when they refer to migrants being stopped by ICE or CBP and detained.,,,
,,,,,,,
,,,,,,,
approval notice,,aviso de aprobación,,"This refers to USCIS Form I-797, issued when an application or petition has been approved. Note there are many versions of I-797 (I-797A-F), including the I-797C, which can in fact be a denial of an application. See https://www.uscis.gov/forms/filing-guidance/form-i-797-types-and-functions",,,
,,,,,,,
,,,,,,,
arrival date,,fecha de llegada,,"Llegada is one type of arrival; however, if we're talking about arrival that is admission, then we're talking about 'admisión'. See 'entry' for more.",,,
,,,,,,,
,,,,,,,
arriving alien,,Solicitante de admisión que es extranjero/Extranjero que solicita admisión,,"As per IJ DCW: The term “arriving alien” means an alien who seeks admission to or transit through the United States, as provided in 8 C.F.R. § 1235.1, at a port of entry, or an alien who is interdicted in international or United States waters and brought into the United States by any means, whether or not to a designated port-of-entry, and regardless of the means of transport.  8 C.F.R. § 1001.1(q).",,,
,,,,,,,
,,,,,,,
assault and battery,,Agresión y Lesiones,,"Veáse Jowers, pag. 258",,,
,,,,,,,
,,,,,,,
Assistant Chief Counsel ,,abogado del gobierno,,See 'Trial Attorney'.,,,
,,,,,,,
,,,,,,,
asylee,,asilado,,,,,
,,,,,,,
asylum,,Asilo,,,,,
,,,,,,,
asylum claim ,,"(asylum application) solicitud; (request for asylum) petición; (the story, arguments, and information presented in the application and evidence) pretensión, pretensiones, reclamar, reclamación",,"The application is the solicitud; the request for asylum would be a petición; a claim is what you're stating to be true. IJs frequently use this along the lines of ""Sir, I believe your claim,"" ""Ma'am, the type of fear you're claiming,"" and corresponds to the meaning of the term pretensión, or pretensiones. That said, it likely has to be reworked somewhat in Spanish. In the ACNUR manual, for example, renderings were offered using 'pretender', 'alegar', 'reclamar', 'invocar', and even 'hacer una denuncia'; choose carefully. See also 'claim'.",,,
,,,,,,,
,,,,,,,
Asylum Clock ,,acumulación de días; días transcurridos,,,,,
,,,,,,,
asylum interview ,,entrevista de asilo,,,,,
,,,,,,,
asylum officer,,funcionario de asilo,,See definitions for 'agent' and 'officer/official'.,,,
,,,,,,,
,,,,,,,
Asylum Unit,,Oficina de Asilo,,,,,
,,,,,,,
Attorney General,,"Procurador, Fiscal General",,"There is, of course, room for dialectical accommodation here; until recently, the Attorney General of Mexico was referred to as the Procurador General, and is now the Fiscal General. Some prominent interpreter trainers like to make a firm distinction between fiscales at a county or local level, and procuradores at a Federal level. That's fine for as far as it goes, but procurador means different things in different countries, so always keep an eye on context.",,,
,,,,,,,
,,,,,,,
attorney of record,,abogado que consta en el expediente; abogado representante; abogado oficial,,"Jowers provides interesting options regarding this concept in Spain, where often one employs two attorneys: one, a procurador, represents their client before a court in all pre-trial and administrative tasks; and the abogado or letrado who defends the client in court--in trial settings, for example. In other words, one specializes in procedural and paperwork issues, the other in oral argument and litigation (Jowers, 97). While interesting, this usage of procurador would be very confusing in the context of other countries' legal systems, where it may mean something more like prosecutor. There are additional uses, in Spain, Venezuela and elsewhere, of apoderado, but as this may come back into English as agent, among other uses, it is not appropriate here, either. Many law offices and agencies in the US like to use 'abogado oficial' for this phrase, but often in EOIR proceedings, it is heard when explaining that an attorney does, or does not, represent a respondent for a particular proceeding. For example, 'That's correct, ma'am, Atty Fulano is the attorney of record in your bond proceedings, but not in this, your immigration proceeding'. It may well be helpful to use a more explanatory translations in such situations.",,,
,,,,,,,
,,,,,,,
attorney-client privilege,,secreto profesional; secreto profesional del abogado,,"The phrase 'secreto profesional' refers to 'confidentiality' in general. Vease Jowers, p. 357. See also Article 134 of the Código de Procedimiento Penal de Perú, ""Igualmente se tomará juramento o promesa de honor al intérprete de que desempeñará fielmente el cargo y que guardará el secreto de la instructiva.""",,,
,,,,,,,
,,,,,,,
authorized fingerprinting center,,Centro autorizado para tomar huellas digitales,,,,,
,,,,,,,
authorized fingerprinting office,,Oficina autorizada para tomar huellas digitales,,,,,
,,,,,,,
authorized worker,,trabajador autorizado,,,,,
,,,,,,,
automated scheduling,,programación automatizada,,,,,
,,,,,,,
avenue of relief,,amparo posible,,,,,
,,,,,,,
backdated stamp ,,sello con fecha retroactiva,,,,,
,,,,,,,
background inquiry,,investigación de antecedentes,,,,,
,,,,,,,
balancing of equities ,,"sopesar, equilibrar los factores (positivos y negativos)",,"This can be a very difficult phrase to deal with in the moment, and it should be noted that equities themselves are, generally speaking, positive factors (BIA Interim Decision #3342, In re C-V-T-, Respondent, p. 11), while the opposite would be adverse factors. For more details, see unusual, outstanding and countervaillance equities.",,,
,,,,,,,
,,,,,,,
Bar Association,,colegio de abogados,,,,,
,,,,,,,
bars to asylum,,impedimentos al asilo,,,,,
,,,,,,,
battered child,,niño maltratado,,"USCIS: ""cónyuge, hijos y padres abusados"" as per USCIS; For more exhaustive discussion, see 'Abuse' reference. https://www.uscis.gov/es/programas-humanitarios/conyuge-hijos-y-padres-abusados/conyuge-hijos-y-padres-abusados ",,,
,,,,,,,
,,,,,,,
battered spouse,,conyuge maltratado,,,,,
,,,,,,,
beneficiaries,,beneficiario(s),,,,,
,,,,,,,
benefit (immmigration),,beneficio (migratorio),,,,,
,,,,,,,
BIA (Board of Immigration Appeals),,Junta de Apelaciones Migratorias,,,,,
,,,,,,,
binding decision,,decisión vinculante,,See 'Decisions and Appeals' for more on 'decision'.,,,
,,,,,,,
,,,,USCIS talks about 'servicios biométricos',,,
biometrics,,proceso biométrico,,,,,
,,,,,,,
birth certificate,,"acta, partida, o certificado de nacimiento",,,,,
,,,,,,,
bona Fide,,auténtico,,,,,
,,,,,,,
bond,,Fianza,,See 'bail'.,,,
,,,,,,,
,,,,,,,
bond Proceedings,,"Proceso, diligencias de determinación de fianza",,,,,
,,,,,,,
border Crosser ,,(uno que) cruza la frontera,,"When rendering this phrase, take into account the context. At times it is used technically, to refer to a specific pattern of leaving and entering the United States, and at times it is used in a negative, derogatory sense.",,,
,,,,,,,
,,,,,,,
border crossing card ,,tarjeta de cruce,,"The Dept of State is the issuer of this document. Their website refers to it as a ""tarjeta para cruzar la frontera"" https://mx.usembassy.gov/es/visas-es/turismo-y-visitantes/preguntas-frecuentes/ but that same website talks about 'calificar' and 'expirar' so... 'Tarjeta de cruce' observed by OJLR in two separate hearings in August/Sept 2019, spoken by borderlands Spanish speakers.",,,
,,,,,,,
,,,,,,,
border Patrol Sector,,sector de la patrulla fronteriza,,,,,
,,,,,,,
borderline case ,,"caso dudoso, limítrofe",,Phrases involving 'dudoso' are likely to be understood. 'limítrofe' is a correct translation of 'borderline' but may be too technical for this context.,,,
,,,,,,,
,,,,,,,
brief,,"escrito, escritos",,,,,
,,,,,,,
"brief, casual and innocent departure ",,"una salida breve, casual, e inocente",,"8 CFR § 244.1: ""Brief, casual, and innocent absence means a departure from the United States that satisfies the following criteria:
(1) Each such absence was of short duration and reasonably calculated to accomplish the purpose(s) for the absence;
(2) The absence was not the result of an order of deportation, an order of voluntary departure, or an administrative grant of voluntary departure without the institution of deportation proceedings; and
(3) The purposes for the absence from the United States or actions while outside of the United States were not contrary to law.""",,,
,,,,,,,
,,,,,,,
burden of proof,,carga de la prueba,,,,,
,,,,,,,
business Nonimmigrant,,no inmigrante por negocios,,See discussion under 'business visitor visa',,,
,,,,,,,
,,,,,,,
business visitor visa ,,"visa, visado de visitante por negocios",,"Consider the Schengen 'visado por negocios' (Spain), Mexico's 'visa de negocios' (Sec. de Relaciones Ext.), also known as 'visa de visitantes con permiso para realizar actividades remuneradas' (Instituto Nacional de Migración)",,,
,,,,,,,
,,,,,,,
Cancellation of Removal and Adjustment of Status for Certain Non-Permanent Residents (EOIR 42-B),,cancelación de (la) expulsión y cambio de condición migratoria para ciertos residentes no-permanentes,,"See 'adjustment of status', above, and 'nationality and status' reference for  more.",,,
,,,,,,,
,,,,,,,
cancellation of Removal for certain Permanent Residents (EOIR 42-A),,Cancelación de (la) expulsión para ciertos residentes permanentes,,,,,
,,,,,,,
cancelled without prejudice ,,cancelado indefinitivamente,,See 'prejudice' for much more discussion.,,,
,,,,,,,
,,,,,,,
case law,,jurisprudencia,,,,,
,,,,,,,
case Number ,,número de caso,,,,,
,,,,,,,
CAT (Convention Against Torture) ,,convenio en contra de la tortura,,,,,
,,,,,,,
CBP,,Servicio de Aduanas y Protección Fronteriza,,US Customs and Border Protection,,,
,,,,,,,
,,,,,,,
central reason for persecution ,,motivo central de (la) persecución,,,,,
,,,,,,,
certificate of citizenship,,certificado / acta de ciudadanía,,,,,
,,,,,,,
certificate of naturalization,,certificado / acta de naturalización,,,,,
,,,,,,,
certificate of service ,,constancia de entrega,,"Cuando se habla de 'service', las fuentes no coinciden. Collins nos da 'entregar'. Existe 'traslado de ley', que se emplea en el derecho civil Argentino; Cabanellas-Hoague nos da 'notificar'. En España, se habla de 'actos de comunicación', 'comunicaciones' en general, y más específicamente, 'notificaciones, citaciones y emplazamientos'. Parece ser que el aviso inicial de un caso en contra de uno (el clásico 'you've been served') es la notificación; luego vienen citaciones y emplazamientos. Aquí con explicación y ley citada: https://www.palladinopellonabogados.com/notificaciones-citaciones-y-emplazamientos/ En Colombia, parece que se habla de citaciones, eso sí, con 'notificación' y 'notificación por aviso': https://www.agtabogados.com/blog/que-debo-hacer-ante-una-citacion-judicial-o-administrativa/ En general, parece que no le incumbe tanto al individuo en países hispanos hacerle llegar a la contraparte la notificación; más bien eso es el deber del tribunal. Dandole otra vuelta, en Alcaraz: ""dar traslado a: give notice, serve notice, pass on a notification (...) Los litigantes tienen la obligación de dar traslado a la parte contraria copias de las pruebas que van a aportar en el juicio;"" En resumen: Si conoces el contexto cultural, y crees que puedes acertar con el término correcto para tal cultura, adelante. Si no, se sugiere esta traducción quizás básica, genérica, pero sin entrar en regionalismos.",,,
,,,,,,,
,,,,,,,
certificate of translation,,"certificado, acta de traducción",,,,,
,,,,,,,
certified copy,,copia certificada,,,,,
,,,,,,,
CFR,,revisión del temor creíble,,Credible Fear Review.,,,
,,,,,,,
,,,,,,,
CFR,,Código de Reglamentos Federales,,Code of Federal Regulations.,,,
,,,,,,,
,,,,,,,
change of non-immigrant status,,"cambio en condición de no residente, inmigrante",,"See 'adjustment of status', above, and 'nationality and status' reference for  more.",,,
,,,,,,,
,,,,,,,
change of status,,cambio de condición migratoria,,"See 'adjustment of status', above, and 'nationality and status' reference for  more.",,,
,,,,,,,
,,,,,,,
change of venue,,cambio de fuero,,See 'venue'.,,,
,,,,,,,
,,,,,,,
changed circumstances,,circunstancias cambiadas,," When we talk about 'country conditions', we're talking about 'condiciones', but 'circumstances' can include both 'country conditions' as well as changed circumstances here in the United States -- such as coming out as gay, a newly declared religion or political opinion that is persecuted in the country of removal. As per CLE JLCs. See also 'Grounds and Standards of Proof' for more usage of 'changed circumstances'.",,,
,,,,,,,
,,,,,,,
character witness,,testigo de carácter,,,,,
,,,,,,,
charge,,imputación (NTA) acusación (antecedentes penales) incumbir (burden of proof),,,,,
,,,,,,,
chargeability,,"imputable (con la expulsión a, con expulsabilidad a)",,,,,
,,,,,,,
charging document ,,"documento acusatorio, imputación",,See 'charges' reference for more.,,,
,,,,,,,
,,,,,,,
child,,hijo o hija,,"Keep in mind that for many Immigration purposes, a child can be older than 18 years of age, so 'menor' or 'niño o niña' is often not an appropriate choice.",,,
,,,,,,,
,,,,,,,
CIJ,,Juez de Inmigración Principal,,"Frequently in the criminal world we will hear about 'presiding' judges, which would be 'juez presidente'. While that's a similar role to that of CIJ, the terminology is different in English, and our Spanish should reflect that.",,,
,,,,,,,
,,,,,,,
CIS,,Servicio de Ciudadanía e Inmigración,,https://www.usa.gov/espanol/agencias-federales/servicio-de-ciudadania-e-inmigracion-de-estados-unidos,,,
,,,,,,,
,,,,,,,
citizenship,,ciudadanía,,,,,
,,,,,,,
civil surgeons ,,cirujano civil,,"This is an old term, with results in Spanish from the 19th century on Google -- but the same can be said for English. They are equivalent, but has become a frozen bureaucratic term in English.",,,
,,,,,,,
,,,,,,,
civil unrest,,"disturbio, desasosiego, revuelta",,See 'Civil Strife' reference for more on this topic.,,,
,,,,,,,
,,,,,,,
claim (what is claimed in an application),,"alegación, reclamación, pretensión, historia",,"Keep in mind that 'claim' has two significantly different usages, which can occur in the same procedural contexts. ""We're here for a hearing on the merits of your asylum claim"" would refer to the application (and exhibits, etc) itself; ""Unfortunately, the fear that you claim..."" or ""Even if I were to believe your entire claim..."", or ""This is the type of claim that..."" would refer more to what the respondent asserts, and therefore will likely need an elliptical expression or a reworking of the sentence in order to give an equivalent meaning. See 'asylum claim'.",,,
,,,,,,,
,,,,,,,
claimed status review,,"revisión de la condición reclamada, alegada, pretendida",,"Interim Operating Policy and Procedure Memorandum 97-3, p. 4: ""The second procedure permits an alien in expedited removal who claims under oath to be a United States citizen, to have been lawfully admitted for permanent residence, to have been admitted as a refugee, or to have been granted asylum, to obtain review of that claim by an Immigration Judge where INS determines that the alien has no such claim (claimed status review). 4 Although not required by statute or regulation, claimed status review cases (except cases involving claims to United States citizenship)5 will be heard, to the maximum extent practical, within the same time frame as credible fear review cases ( within 24 hours to the extent practicable, but not more than 7 days from the filing of the charging document).” See discussion surrounding 'claim'.",,,
,,,,,,,
,,,,,,,
"clear, convincing, and unequivocal",,"prueba clara, convincente e inequívoca",,See 'Grounds and Standards of Proof' reference for more.,,,
,,,,,,,
,,,,,,,
clearly and beyond a doubt,,"Claramente y más allá que toda duda, claramente y sin dejar una duda",,See 'Grounds and Standards of Proof' reference for more.,,,
,,,,,,,
,,,,,,,
closing argument,,alegato final,,,,,
,,,,,,,
cognizable PSGs,,determinados grupos sociales que se podrán reconocer por ley,,,,,
,,,,,,,
cohabit,,"cohabitar, convivir",,,,,
,,,,,,,
commencement of presence,,"comienzo, inicio de presencia, permanencia",,"Spain does have a similar, while at the same time fundamentally different, immigration benefit, arraigo social, which has a 3-year physical presence requirement. Unfortunately, official descriptions of how to document the 'beginning' of that physical presence are somewhat lacking. http://extranjeros.mitramiss.gob.es/es/InformacionInteres/InformacionProcedimientos/Ciudadanosnocomunitarios/hoja036/index.html",,,
,,,,,,,
,,,,,,,
commercialized vice ,,negocio de la prostitución,,"Reading the law itself, this refers specifically to prostitution, as per IJ DCW. This translation is recommended, given that 'vicio' in Spanish is much more common and isn't nearly as loaded as the English, at times translatable as 'bad habit'.",,,
,,,,,,,
,,,,,,,
common law marriage,,matrimonio consuetudinario,,,,,
,,,,,,,
compelling evidence,,"prueba convincente (resolves the Judge's doubts), apremiante (forces the Judge to take a certain stance or decision)",,"Black's: ""compel, vb. (14c) 1. To cause or bring about by force, threats, or overwhelming pressure <a lawyer cannot be compelled to testify about a privileged communication>, 2. (Of a legislative mandate or judicial precedent) to convince (a court) that there is only one possible resolution ofa legal dispute <the wording ofthe statute compels us to affirm>""; the second sense is obviously meant, here.",,,
,,,,,,,
,,,,,,,
competent,,"capaz, capacidad; mentalmente capaz, capacidad mental; capaz de ser procesado",,"As discussed elsewhere (see jurisdiction, venue), 'competencia' is very much a false cognate of 'competence' within the realm of legal terminology. 'competence' in English legal terminology, at least in most court settings, almost always comes up in the context of someone's mental faculties and their ability to understand and participate in the proceedings. Thus we are talking about, generically, 'capacidad mental'. Some Spanish-language sources may refer to 'capacidad moral'; this should be avoided given its obvious judgmental connotation, as well as potential interference when discussing issues regarding moral turpitude.",,,
,,,,,,,
,,,,,,,
concede,,reconocer,,,,,
,,,,,,,
concedes removability (respodent),,reconoce su expulsabilidad,,,,,
,,,,,,,
conclusive evidence ,,prueba conclusiva,,See 'Grounds and Standards of Proof' reference for more.,,,
,,,,,,,
,,,,,,,
conditional grant,,"concesión, otorgamiento condicional",,,"Consider: The same conditional adjustment applies to the dependent child of the respondent receiving adjustment. When the IJ grants conditional adjustment, the IJ should educate the respondent (and the respondent’s spouse, if present) regarding the need to take further action to remove the condition on the respondent’s immigrant status.",,
,,,,,,,
conditional permanent residence,,residencia permanente condicional,,,,,
,,,,,,,
considered a danger to the community,,se le considera un peligro para la comunidad,,,,,
,,,,,,,
consul,,cónsul,,,,,
,,,,,,,
consular processing ,,tramitación consular,,,,,
,,,,,,,
consulate,,consulado,,,,,
,,,,,,,
contempt of court,,"(general) desacato al Tribunal; (being held/found in) contumacia, contumaz; (failure to appear/nonappearance) rebeldía",,"Vease Jowers, p. 345",,,
,,,,,,,
,,,,audiencia... adversarial?,,,
contested hearing,,,,,,,
,,,,,"Added 3-26-26. Research probs required. Context: Finally, the OPPM states that at a contested hearing, the burden is on the alien to establish that it is more likely than not that he or she will be tortured in the country to which removal has been deferred.",,
,,,,,,,
continual residence,,residencia continua,,,,,
,,,,,,,
"continuance (case, hearing)",,aplazamiento,,,,,
,,,,,,,
continuous physical presence,,presencia física continua,,,,,
,,,,,,,
controlled substance,,sustancia controlada,,"Las sustancias reguladas principalmente son sustancias químicas, las contraladas más bien drogas o estupefacientes.",,,
,,,,,,,
,,,,,,,
convict (person),,"que tiene, con antecedentes (penales) (no longer locked up); recluso, preso (currently locked up) ",,,,,
,,,,,,,
(criminal) conviction,,condena,,,,,
,,,,,,,
counsel of record ,,Vease 'attorney of record',,,,,
,,,,,,,
country conditions ,,(informe sobre) las condiciones actuales del país,,,,,
,,,,,,,
country in transit ,,"país de tránsito, país atravesado en tránsito",,,,,
,,,,,,,
country of (last) residence,,país de última residencia,,,,,
,,,,,,,
country of birth,,país de nacimiento,,,,,
,,,,,,,
country of chargeability,,país imputado para la expulsión,,"As per AAs and JLCs of Cleveland, this doesn't sound like 'good' legalese",,,
,,,,,,,
,,,,,,,
country of citizenship,,país de ciudadanía,,,,,
,,,,,,,
country of former allegiance,,país de previa lealtad,,See 'Nationality and Status' reference for more.,,,
,,,,,,,
,,,,,,,
country of nationality,,país de nacionalidad,,,,,
,,,,,,,
country of origin ,,país de origen,,,,,
,,,,,,,
"Court (this), Court (the)",,"(Immigration Court in general) Tribunal de lo migratorio; (the building) el Tribunal; (the courtroom) la sala, esta sala; (the Judge) yo, el/la juez",,"It would appear (RAE, entre otros) that a 'juzgado' refers to an adjudicatory body consisting of a single judicial officer who hears cases at the first-instance level. A 'tribunal' or a 'corte', however, generally refer to multi-judge panels, or at least, second-instance level adjudicatory bodies. Therefore, we should be referring to Immigration Court at least as a 'corte' or 'tribunal'. However, the EOIR is not, strictly speaking, a court; the IJs are not judges, after all. The EOIR is a body which conducts administrative hearings, and the bulk of the law by and through which it makes its decisions is administrative law. In fact, the EOIR is, in many ways, closest to what in some Hispanic countries (Uruguay, Mexico, Spain) is known as the Tribunal de lo Contencioso-Administrativo, which is a jurisdiction that in general hears cases de novo arising from disputes with the public institutions of the country. Now, the EOIR hears many cases on what you could consider a first instance basis, pursuant to the issuance of an NTA. This fits with the viewpoint of the contencioso-administrativo; the Respondent sought or is seeking admission to the country, in essence they were denied this service, and as a result there is a dispute which needs to be settled. There are, of course, many cases that the EOIR hears which are referred or transferred from USCIS, frequently with an initial denial from USCIS. This fits even more closely with the traditional profile of the contencioso-administrativo, in the sense that the individual requested a service from the public administration (asylum, adjustment of status, etc.), and this service was not provided to them -- or, the result of that service was not what they desired -- and now they seek a remedy through a body designed to hear such disputes. Based on this, the recommendation is that the EOIR be referred to not as a 'corte', but rather as a 'tribunal', in accordance with the widespread usage of this term to denote the contencioso-administrativo adjudicatory bodies in multiple countries.",,,
,,,,,,,
,,,,,,,
court docket ,,"lista de casos (del juez, de la sala)",,,,,
,,,,,,,
court record ,,"el acta, el expediente",,,,,
,,,,,,,
credibility,,credibilidad,,,,,
,,,,,,,
credible basis ,,fundamento creíble,,,,,
,,,,,,,
credible fear proceedings,,"diligencias, procedimiento de temor creíble",,,,,
,, ,,,,,
credible fear review,,revisión del temor creíble,,,"I know that we've been using 'temor creíble' forever, and that it's direct, makes ""a fair amount of sense"" in Spanish, etc. However, consider this sentence taken from one of Nestor Wagner's training materials: ""Gentlemen, the asylum officer has determined that you do not have a
credible fear returning to your home country."" If I rendered this as 'que no tienen un temor creíble de volver a su país de orígen', I feel like we're sliding into translat-ese, we're doing something between English and Spanish and it doesn't really make sense. It feels like what we're trying to express is more like 'un temor fundado', as in, 'fundado en la ley o la definición legal de temor, según las leyes de asilo y protección o amparo'.",,
,,,,,,,
crewman,,tripulante,,,,,
,,,,,,,
crime of moral turpitude / CIMT,,"Delito que implica la vileza, bajeza moral",,,,,
,,,,,,,
criminal,,delincuente,,,,,
,,,,,,,
criminal alien,,extranjero delincuente,,,,,
,,,,,,,
criminal offense ,,acto delictivo,,"This does not refer to a criminal history, or actual convictions, but rather to the commission of criminal acts. ",,,
,,,,,,,
,,,,,,,
criminal record,,antecedente(s) penal(es),,,,,
,,,,,,,
cross examination ,,contrainterrogatorio,,,,,
,,,,,,,
CSPA,,Ley de Protección de la Minoría de Edad,,"USCIS provides 'Ley de Protección del Estatus del Menor', which may imply that the minor has status, rather than referring to the age of the person, which is what the English intends.",,,
,,,,,,,
,,,,,,,
Cuban/Haitian Entrant,,"migrante, inmigrante cubano / haitiano",,"This is such an unfortunate term for our purposes. A generic translation is suggested. HHS says ""entrante"", unfortunately. https://www.acf.hhs.gov/directorio-oficina-de-reasentamiento-de-refugiados",,,
,,,,,,,
,,,,,,,
cumulative evidence ,,pruebas cumulativas,,,,,
,,,,,,,
curing of defects,,subsanación de defectos,,,,,
,,,,,,,
current/non-current,,"actual / no actual, vigente/no vigente",,current report = actual; current passport = vigente…,,,
,,,,,,,
,,,,,,,
custody redetermination hearing,,audienca para volver a determinar (las condiciones de) la custodia,,"This is always at least the second hearing or process determining custody conditions: ICE makes the initial custody determination. Hence, redetermination.",,,
,,,,,,,
,,,,,,,
cut-off date,,fecha límite,,,,,
,,,,,,,
DACA,,Acción Diferida para los Llegados en la Infancia ,,It's Wikipedia official.,,,
,,,,,,,
,,,,,,,
date of admission ,,fecha de admisión,,,,,
,,,,,,,
date of entry ,,fecha de entrada,,,,,
,,,,,,,
date of issuance ,,"fecha de emisión, expedición",,,,,
,,,,,,,
declaration under penalty of perjury ,,declaración so pena de perjurio,,,,,
,,,,,,,
decline to designate a country of removal,,"negarse a indicar, designar un país de expulsión",,,,,
,,,,,,,
deem claim to be abandoned ,,"considerar, estimar la solicitud desistida",,See 'asylum claim' and 'claim'.,,,
,,,,,,,
,,,,,,,
defect (that evidence suffers from the same defect),,defecto,,,,,
,,,,,,,
defendant (civil) ,,demandado,,,,,
,,,,,,,
defendant (criminal) ,,acusado,,,,,
,,,,,,,
defense exhibit,,elemento de prueba de la Defensa,,,,,
,, ,,,,,
defensive asylum process,,proceso de asilo defensivo,,,,,
,,,,,,,
defer to the Court ,,"le difiero a Su Señoría, lo dejo al juicio de Su Señoría",,,,,
,,,,,,,
deferral of removal under the Convention Against Torture ,,suspensión de la expulsión conforme al Convenio Contra la Tortura,,,,,
,,,,,,,
deferred action,,acción diferida,,,,,
,,,,,,,
deferred sentence,,"condena, pena aplazada",,,,,
,,,,,,,
denomination/sect,,"denominación, secta",,,,,
,,,,,,,
deny a request ,,denegar una petición,,,,,
,,,,,,,
Department of Labor (DOL),,Departamento del Trabajo,,Según www.usa.gov/espanol,,,
,,,,,,,
,,,,,,,
Department of State,,Departamento de Estado,,Según www.usa.gov/espanol,,,
,,,,,,,
,,,,,,,
departure under safeguards,,"Salida escoltada, bajo escolta",,"As per EOIR Interpreter's Conference discussion, 6-19-19",,,
,,,,,,,
,,,,,,,
dependent,,dependiente,,"as per the IRS, Publication 850",,,
,,,,,,,
,,,,,,,
deportable alien,,extranjero sujeto a la deportación / en condición deportable,,,,,
,,,,,,,
deportation,,deportación,,,,,
,,,,,,,
deportation order ,,orden de deportación,,,,,
,,,,,,,
deportation proceedings ,,proceso/diligencias de deportación,,,,,
,,,,,,,
deposition ,,declaración jurada,,,,,
,,,,,,,
derivative citizenship,,Naturalización por parentesco,,"It would appear that there is not a strong tendency towards universal naturalization and citizenship processes from one country to another, especially as regards the categorization of these processes. In the US we might talk about 'acquired' versus 'derivative' citizenthip; Mexico's main categories appear to be 'por nacimiento' and 'por naturalización', simple enough; both Spain and Guatemala have ciudadanía 'de orígen' (US' 'acquired'), but Spain also has 'recuperada', 'por opción', and 'por residencia'. None of those three countries has something that specifically appears to correspond to 'derivative' citizenship/naturalization. And whereas the concept of 'derivative' naturalization and 'derivative' status are corollaries in English, explaining naturalization as 'derivada' isn't particularly helpful or representative of the meaning of the English. In the context of 'derivative status', it's generally quite clear what's meant: the lead has the main case, the riders the secondary cases, and the riders are therefore derived from the lead. Hence I propose this solution for 'derivative citizenship', and a very different solution for 'derivative status'. Of course, if there is a better solution out there, it should be adopted! See 'Nationality and Status' reference for more.",,,
,,,,,,,
,,,,,,,
derivative status,,condición (migratoria) derivada (de…),,See 'derivative citizenship'.,,,
,,,,,,,
,,,,,,,
designation of country ,,designación/indicación de país,,,,,
,,,,,,,
DHS (Department of Homeland Security),,Departamento de Seguridad Nacional,,,,,
,,,,,,,
DHS no show,,"incomparecencia, no presentarse, no llamar, no responder a la falta de confirmación",,"The correct rendering of discussions of 'no-shows' depends greatly on context. For example, a respondent may not call or appear at check-ins or appointments; in such a context, it would be appropriate to talk about 'incomparecencia' or an elliptical phrase about 'no se presentó' or 'no llamó'; however, there is another context in which this phrase is often used, which is that surrounding final nonconfirmations, which are covered in depth here: https://www.e-verify.gov/e-verify-user-manual-30-case-results/36-final-nonconfirmation",,,
,,,,,,,
,,,,,,,
direct examination ,,interrogatorio directo,,,,,
,,,,,,,
discovery ,,"(fase) desahogo de pruebas, intercambio de pruebas; (conjunto de documentos) pruebas presentadas",,,,,
,,,,,,,
discretionary relief ,,amparo discrecional,,,,,
,,,,,,,
dismiss a charge ,,desestimar una imputación,,"If we are discussing NTA charges, then 'imputación'. This is also a good option in general, 'imputación' can be used for virtually all 'charges' in English legalese",,,
,,,,,,,
,,,,,,,
disposition of a case ,,la resolución de un caso o una causa,,,,,
,,,,,,,
diversion program,,programa alternativo,,,,,
,,,,,,,
diversity,,"diversidad; lotería de visas, visados de diversidad",,"As of April 2020, various US embassies (Ecuador, Paraguay, Equatorial Guinea, Argentina) refer to 'visas' or 'visados' 'de diversidad'.",,,
,,,,,,,
,,,,,,,
"docket, calendar",,"lista de casos, causas",,,,,
,,,,,,,
documentarily qualified,,cumplidos los requisitos documentales,,"This appears to be a phrase used by both the National Visa Center (NVC) and various consulates and embassies around the world. As defined in The Operation of the Immigrant Numerical Control System (state.gov): ""The applicant has obtained all documents specified by the consular officer as sufficient to meet the formal visa application requirements, and necessary processing procedures of the consular office have been completed.""",,,
,,,,,,,
,,,,,,,
documentary evidence ,,prueba documental,,,,,
,,,,,,,
DOJ (Department of Justice),,Departamento de Justicia,,As per the Department's website: https://www.justice.gov/espanol,,,
,,,,,,,
,,,,,,,
domestic violence,,Violencia doméstica / Violencia Intrafamiliar,,https://malostratos.org/wp-content/uploads/2017/09/Manual_de_Intervencion_Policial_Publicacion_de_la_CIMTM_rotado.pdf,,,
,,,,,,,
,,,,,,,
domicile,,domicilio,,,,,
,,,,,,,
DREAM Act,,la ley DREAM,,,,,
,,,,,,,
dual citizenship ,,ciudadanía doble,,,,,
,,,,,,,
due process ,,garantías procesales,,,,,
,,,,,,,
duration of status,,"duración, plazo de (la, su) condición (migratoria)",,"See 'adjustment of status', above, and 'nationality and status' reference for  more.",,,
,,,,,,,
,,,,,,,
EAD (Employment Authorization Document),,"Documento de Autorización de empleo, de trabajo",,,,,
,,,,,,,
effective legal counsel ,,(el derecho a la) tutela judicial efectiva,,https://ocw.uca.es/course/view.php?id=35,,,
,,,,,,,
,,,,,,,
eligibility ,,"cumplir, reunir los requisitos",,,,,
,,,,,,,
embassy,,embajada,,,,,
,,,,,,,
employer sanctions ,,sanciones contra empleadores,,,,,
,,,,,,,
employment,,empleo,,,,,
,,,,,,,
enter in the record ,,asentar en el acta,,,,,
,,,,,,,
entitled,,tener derecho a,,,,,
,,,,,,,
entitled to be admitted,,tener derecho a ser admitido,,,,,
,,,,,,,
entry,,entrada,,"We're dealing here with a series of interrelated terms: admit, enter, release, and ingresar, internar, introducir. Those last three have transitive meanings, though ingresar may also be used intransitively. Additionally, internar is the term of choice used by the Mexican Instituto Nacional de Migración for a usage corresponding to admission, but is very commonly collocated to a medical or penal context, which can quickly cause confusion. Therefore, in order to make a very clear distinction between someone entering -- of their own agency -- as opposed to being brought into the country, as well as for the conceptual simplicity of opting for calques to make it easier, entrar should be the preferential term here rather than ingresar or internar. ",,,
,,,,,,,
,,,,,,,
entry document ,,documento de entrada al país,,,,,
,,,,,,,
entry visa ,,"visa, visado de entrada",,,,,
,,,,,,,
entry without inspection (EWI),,entrar sin pasar por la inspección,,,,,
,,,,,,,
enumerated protected grounds ,,motivos enumerados protegidas por ley,,,,,
,,,,,,,
EOIR (Executive Office for Immigration Review),,Oficina Ejecutiva para la Revisión de Casos de Inmigración,,,,,
,,,,,,,
equities ,,factores positivos,,,,,
,,,,,,,
ESL,,"(USA) inglés como segunda lengua, (worldwide) inglés como lengua extranjera",,"In Spanish, the native formation to describe this concept is ""(name of language) como lengua extranjera""; for example, the Cervantes Institute's ""Diploma del Español como Lengua Extranjera"". However, due to the solid collocation within American English of ""English as a Second Language"", there is broad usage of ""inglés como segunda lengua"". Interestingly, ""idioma"" does not seem to be preferred when expressing this concept.",,,
,,,,,,,
,,,,,,,
establish eligibility as a refugee,,"demostrar, establecer que reune/cumple con/llena los requisitos de refugiado",,,,,
,,,,,,,
establish inadmissibility ,,demostrar inadmisibilidad,,,,,
,,,,,,,
evidence ,,(specific) prueba (abstract collective noun) evidencia,,,,,
,,,,,,,
"evidence, to take ",,"(police, collecting evidence) levantar pruebas (court, judge accepting exhibits) recibir pruebas",,,,,
,,,,,,,
evidentiary hearing ,,"audiencia, vista probatoria",,,,,
,,,,,,,
Ex Parte communication ,,comunicación ex parte,,"https://leyderecho.org/comunicaciones-ex-parte/ See excellent discussion of the topic from a comparative law standpoint here: http://www.camsantiago.cl/informativo-online/2019/MAR/docs/2019-03_Morales.pdf It would seem that it may not be a native concept per se in Hispanic law, but the Latinism seems acceptable and, in any case, is a term of art.",,,
,,,,,,,
,,,,,,,
examination of a witness ,,interrogatorio de un testigo,,,,,
,,,,,,,
examination of records ,,revisión del acta/documentos/del expediente,,,,,
,,,,,,,
examine a piece of evidence ,,examinar una prueba,,,,,
,,,,,,,
exceptional and extremely unusual hardship ,,adversidades/dificultades excepcionales y sumamente extraordinarias,,,,,
,,,,,,,
exceptional circumstances,,circunstancias excepcionales,,,,,
,,,,,,,
exchange visitor ,,visitante de intercambio,,As per USCIS and various Embassy websites.,,,
,,,,,,,
,,,,,,,
exchange visitor skills list,,"Lista de capacidades, habilidades de visitantes de intercambio",,This is a Department of State production. It doesn't appear to have a Spanish version: https://travel.state.gov/content/travel/en/us-visas/study/exchange/waiver-of-the-exchange-visitor/exchange-visitor-skills-list.html,,,
,,,,,,,
,,,,,,,
excludable,,sujeto a exclusión,,,,,
,,,,,,,
exclusion,,exclusión,,,,,
,,,,,,,
exclusion of witnesses,,incomunicación de los testigos (witnesses separated to avoid being influenced by others' testimony); exclusión de testigos (witnesses barred from testifying),,"The phrase 'exclusion of witnesses', in English, can refer to both the sequestration or separation of witnesses, wherein witnesses may not be present to hear other witness' testimony, as well as (generally in criminal court) to a witness being barred from testifying for whatever reason (prejudicial, etc). The latter meaning is expressed in Spanish as 'exclusión', the former as 'incomunicación'. See also 'separation', 'sequestration' of witnesses. ",,,
,,,,,,,
,,,,,,,
exclusion order ,,orden de exclusión,,,,,
,,,,,,,
exercise of discretion,,ejercer la discreción,,,,,
,,,,,,,
exhibit ,,elemento/artículo de prueba,,,,,
,,,,,,,
exit visa ,,visado de salida,,,,,
,,,,,,,
expedited hearing,,"audiencia, vista agilizada, sin demora",,,,,
,,,,,,,
expedited removal proceeding,,proceso de expulsión agilizado,,,,,
,,,,,,,
expert witness ,,perito,,,,,
,,,,,,,
extension of stay,,prórroga (de la estancia),,,,,
,,,,,,,
extreme and unusual hardship,,adversidades/dificultades extremas y extraordinarias,,,,,
,,,,,,,
extreme cruelty,,crueldad extrema,,,,,
,,,,,,,
extreme hardship,,adversidad/dificultad extrema,,,,,
,,,,,,,
factual allegations,,presunciones de hecho,,,,,
,,,,,,,
fact witness,,testigo directo,,"Keep in mind that in Spanish, a testigo directo is someone who has first-hand knowledge of the facts to which the witness is testifying. Someone who can testify to facts, but not necessarily to the facts in question, would be a testigo de referenciaor a testigo indirecto.",,,
,,,,,,,
,,,,,,,
"Family 1st, 2nd, etc. Preference",,"Familiar de 1er, 2º, etc., Preferencia",,This refers to a USCIS ranking system through which family members get preference in the granting of visas.,,,
,,,,,,,
,,,,,,,
family ties ,,vínculos familiares,,,,,
,,,,,,,
Family Unity Program,,Programa de Unidad Familiar,,,,,
,,,,,,,
Federal Poverty Guidelines/Poverty Guidelines,,línea de pobreza,,"The 'poverty guidelines' are a simplified version of the 'poverty thresholds' and 'poverty guidelines' (umbrales de pobreza and líneas de pobreza, as per Trudi Renwick, Assistant Division Chief, Economic Characteristics Social, Economic and Housing Statistics Division) used for administrative purposes (see HHS' website on the poverty guidelines, updated each year). Línea de pobreza is recommended as an intuitive term in Spanish that communicates the concept and is in use in Spanish in the United States by the Census Bureau to denominate a corollary figure.",,,
,,,,,,,
,,,,,,,
fee waiver request ,,petición de exención de pago,,Example here: https://www.gob.mx/inm/acciones-y-programas/programa-temporal-de-regularizacion-migratoria-90502,,,
,,,,,,,
,,,,,,,
fee it in,,"pagar la cuota, el cobro, el costo (de la solicitud)",,,,,
,,,,,,,
fance of U.S. citizen ,,"novio/a, prometido/a de ciudadano estadounidense",,,,,
,,,,,,,
Field Offices,,"oficina, sucursal del Servicio de Ciudadania e Inmigración de los Estados Unidos",,"This is the term that USCIS uses to refer to its offices wherein non-asylum interviews, naturalization ceremonies, and more case-by-case services are provided.",,,
,,,,,Field Office Director? From Nestor's materials: You must post the bond in the amount of $500 within 5 days of this hearing with the ICE field officer director.,,
,,,,,,,
file a motion ,,presentar una petición,,,,,
,,,,,,,
final decision ,,decisión final,,"The ACNUR manual consistently gives 'decisión final' for 'final decision', pp. 105, 120, 121, all of which refer to the determination of refugee status.",,,
,,,,,,,
,,,,,,,
final order ,,orden final,,definitiva? Ejecutoriada?,,,
,,,,,,,
,,,,,,,
"finding, make a ",,"emitir un fallo, hacer una determinación (asylum officer) dictamen, determinación",,,,,
,,,,,,,
fingerprints are stale/current/up-to-date/clear,,"las huellas digitales, dactilares no están vigentes/están inactivas/actualizadas/al día/limpias",,,,,
,,,,,,,
firmly resettled,,firmemente restablecido,,,,,
,,,,,,,
flight risk (considered) ,,"se le considera, estima, que representa, un riesgo de fuga",,"The ACNUR manual consistently gives 'huida' for flight (p. 114, p.ej.); notably in that same citation, the Spanish omits the English 'relocation alternative', which speaks to the difficulty of transferring ""relocation"" from English to Spanish. However, this is referring to the 'flight' of persons from one territory to another to escape some sort of persecution or civil strife. When referring to a prisoner or defendant fleeing justice, the collocation in Spanish seems to be fuga. See, for example, Sentencia de Casación No. 1640-2019/Nacional, Supreme Court of Peru.",,,
,,,,,,,
,,,,,,,
FOIA,,Ley de Libertad de Información,,Según www.usa.gov/espanol/,,,
,,,,,,,
,,,,,,,
Foreign Government Official,,funcionario gubernamental oficial,,,,,
,,,,,,,
Foreign Information Media Representative,,Representante de Medios Informativos Extranjeros,,,,,
,,,,,,,
forensic document analysis,,Análisis forense de documentos,,,,,
,,,,,,,
Forensic Document Analysis Laboratory ,,Laboratorio de análisis forense de documentos,,"It's the analysis that's forensic, not the lab",,,
,,,,,,,
,,,,,,,
Form I-294 - Advisal of rights ,,"Notificación, aviso de derechos",,,,,
,,,,,,,
forms of relief,,tipos de amparo,,,,,
,,,,,,,
forum,,"fuero, (lower register: tribunal)",,see venue,,,
,,,,,,,
,,,,,,,
fraud and misrepresentation ,,"engaño y representación falsa, representación inexacta, tergiversación",,"This refers to section 212(a)(6)(C)(i) of the INA: ""Any alien who, by fraud or willfully misrepresenting a material fact, seeks to procure (or has sought to procure or has procured) a visa, other documentation, or admission into the United States or other benefit provided under this Act is inadmissible."" Consider the breadth of the meaning of 'fraud' in this context. See 'Fraud' reference for more.",,,
,,,,,,,
,,,,,,,
fraudulent documents,,documentos fraudulentos,,,,,
,,,,,,,
fraudulent visa ,,visado fraudulento,,,,,
,,,,,,,
Freedom of Information Act (FOIA),,Ley de Libertad de Información,,Según www.usa.gov/espanol/,,,
,,,,,,,
,,,,,,,
frivolous asylum application,,solicitud de asilo falsa / que contiene falsedades,,"There is a significant body of debate amongst EOIR staff interpreters regarding how to render this term, with good reason. 'frivolous' has a meaning in US legal English, and it's not exactly the same as the meaning used here. Some interpreters staunchly defend a literal translation, insisting that the IJs should provide a clarification, through the Frivolous Warning, for example, of what a 'solicitud frívola' would be. It would be easy to go too far in the other direction, as well, and start 'explaining' too much of what is meant. What is provided here is what was suggested as a middle way in the Staff Interpreters' 2019 Teleconference.",,,
,,,,,,,
,,,,,,,
frivolous warning,,aviso contra la tramitación de solicitudes de asilo falsas,,,,,
,,,,,,,
full and fair hearing ,,audiencia completa e imparcial,,,,,
,,,,,,,
full and final adoption,,"adopción plena y final, finalizada",,"This phrase means that 'the legal process (of adoption) is fully completed and the law accords the adopted child all of the rights of a natural born, legitimate child' (MH). USCIS provides us with 'adopción plena y final' (https://www.uscis.gov/es/adopciones/inmigracion-por-medio-de-la-adopcion/otras-instancias-de-inmigracion-por-adopcion), and the Mexican Embassy gives us 'adopción plena': https://mx.usembassy.gov/es/visas-es/adopciones/ While international adoption is governed by various agreements -- the Hague convention of 1993, the UN Convention on the Rights of the Child -- neither of those texts refer to 'full and final' adoption.",,,
,,,,,,,
,,,,,,,
,,,,,,,
GED,,Certificado GED,,"This stands for General Educational Development Test. It would seem that they don't translate the name of it; the acronym is a copyright and a proper noun: https://ged.com/es/ So, 'certificado GED' is probably the best option, as that's how it's referred to in Spanish.",,,
,,,,,,,
,,,,,,,
gender related persecution,,"Persecución basada en, por motivo del género",,"ACNUR manual, various pages and entries",,,
,,,,,,,
,,,,,,,
General Naturalization Provisions,,Disposiciones Generales de Naturalización,,,,,
,,,,,,,
good moral character (person of) ,,"(persona de) solvencia moral, buen carácter moral",,"This is a term of art that is heard throughout Immigration proceedings in the US, but is part of the respondent's burden in 42-B Cancellation proceedings. As discussed in the entry for 'moral character', 'carácter moral' is technically acceptable, and therefore 'buen carácter moral' is an acceptable approximation to the English. 'solvencia moral' is an alternate phrase, shorter, and perhaps more conceptually clear. See also 'moral character'.",,,
,,,,,,,
,,,,,,,
government (the) ,,"el gobierno, por parte del gobierno, representante del gobierno",,See 'Trial Attorney'.,,,
,,,,,,,
,,,,,,,
government benefits,,"programas sociales, ayudas sociales",,"As per www.usa.gov/espanol, 'Programas sociales del Gobierno'",,,
,,,,,,,
,,,,,,,
government exhibits,,elemento(s) de prueba del Gobierno,,"See discussion surrounding 'Trial Attorney'. It is good to keep in mind that the relationship between Court, DHS counsel, and respondent's counsel, while still adversarial, is not an exact corollary to the criminal adversarial system.",,,
,,,,,,,
,,,,,,,
Grand Jury ,,"gran jurado; jurado indagatorio, acusatorio; jurado de instrucción",,"The concept of a 'grand jury' is one that pertains to Anglo-Saxon common law. As such, various renderings are possible that express the concept to varying degrees of clarity depending on the target dialect or region. The 'jury' part of the phrase is most certainly 'jurado'; 'gran jurado' may well be an adequate choice, given that the phrase in English, ""grand jury"", is at this point a term of art that does not have an inherent meaning unless the listener has previously learned and understood it. 'jurado indagatorio' or 'jurado acusatorio' may well be good middle-of-the-road options, which provide a certain amount of explaining, are dialect neutral, and offer two distinct levels of register. If, however, you are sure of the listener's geographical dialect, you could opt for 'jurado de instrucción' if the listener is from any number of countries which still employs (or employed in the recent past) the figure of jueces de instrucción-- for example, Colombia, Ecuador, Spain, Bolivia, or Mexico (as per the Criminal Codes of each one of those respective nations).",,,
,,,,,,,
,,,,,,,
grant,,"conceder/concesión, otorgar/otorgamiento",,,,,
,,,,,,,
green card,,"tarjeta verde, tarjeta de residente permanente, 'mica' (Mex.)",,,,,
,,,,,,,
Gross Sexual Imposition (GSI),,Abuso sexual (lesser included/not rising to the level of rape or violence); agresión sexual (involved violence or aggravating factors); abusos deshonestos (involving a minor of 13 years or less),,See 'Sex Crimes' reference for more.,,,
,,,,,,,
,,,,,,,
grounds for removal ,,"indicios, fundamento, base para la expulsión, de expulsabilidad",,"In general, 'fundamento' and 'base' are both generic terms, and 'fundamento' in particular is often seen in describing the broad foundations of entire fields of law. 'indicios', meanwhile, means both grounds in the normal sense in English, of ""The reason or point that something (as a legal claim or argument) relies on for validity,"" (Black's) as well as often referring more specifically to the evidence which provides those grounds--pruebas indiciarias--and even to those pieces of evidence which support an evidence-based decision (prueba plena); this is not inconsistent with our usage of grounds in English, for example, ""I see sufficient grounds to grant the divorce."" See Ossorio and the DEJ Panhispánico for more discussion.",,,
,,,,,,,
,,,,,,,
grounds of inadmissibility ,,"indicios, fundamento, base de inadmisibilidad",,,,,
,,,,,,,
hardship waiver ,,exención por adversidades/dificultades,,Esto es exención. Veáse: https://www.gob.mx/inm/acciones-y-programas/programa-temporal-de-regularizacion-migratoria-90502,,,
,,,,,,,
,,,,,,,
hardship waiver to a qualifying relative,,exención por adversidades/dificultades,,,,,
,,,,,,,
having been found removable,,"tras decidir, fallar, resolver que está sujeto/a a, objeto de, la expulsión, expulsable",,,,,
,,,,,,,
head of household,,cabeza de familia,,"Diccionario del Español Jurídico, RAE; IRS publication 850",,,
,,,,,,,
,,,,,,,
hearing ,,audiencia,,,,,
,,,,,,,
hearing on the application ,,"audiencia sobre la solicitud, audienca sobre los fondos",,,,,
,,,,,,,
home country,,país natal,,de origen?,,,
,,,,,,,
,,,,,,,
homeless,,"persona sin hogar, persona sin techo",,"sin hogar, sin techo…",,,
,,,,,,,
,,,,,,,
household income,,ingresos de la unidad familiar,,"IRS Publication 850, pp. 11",,,
,,,,,,,
,,,,,,,
household member,,miembro de la unidad familiar,,Check IRS,,,
,,,,,,,
,,,,,,,
human trafficking,,trata de personas,,what about that whole 'trata de blancas' thing?,,,
,,,,,,,
,,,,,,,
IBIS,,Sistema de Inspección Fronteriza Interinstitucional,,"The Interagency Border Inspection System is a database to which numerous Federal agencies have access, and contribute information, with the purpose of sharing law enforcement and safety information.",,,
,,,,,,,
,,,,,,,
ICE (U.S. Immigration and Customs Enforcement),,"Servicio de Control de Inmigración y Aduanas; ""el ICE""",,"As per usa.gov en español. Anecdotal experience indicates that many respondents before the EOIR will refer to them as ""ICE"".",,,
,,,,,,,
,,,,,,,
IIRIRA ,,(Ley de) Reforma de migración ilegal y de responsabilidad del migrante,,"The Illegal Immigration Reform and Immigrant Responsibility Act. An interesting resource, though terminologically problematic at times: https://www.law.cornell.edu/wex/es/leyes_predominantes_que_afectan_la_inmigraci%C3%B3n_y_naturalizaci%C3%B3n",,,
,,,,,,,
,,,,,,,
illegal alien,,extranjero ilegal,,"We have in both Spanish and English a wide variety of options to express shades of meanings surrounding status. If the speaker says ""illegal"", we can say ""ilegal"". If the speaker says ""undocumented"", we can say ""indocumentado""; ""without papers"", ""sin papeles""; ""without status"", ""irregular"", ""sin condición (migratoria) legal"". The important thing is that we don't put our own spin on what the speaker says. See 'adjustment of status', above, and 'nationality and status' reference for  more.",,,
,,,,,,,
,,,,,,,
illegal re-entry of alien after deportation,,entrada de nuevo de un extranjero previamente expulsado,,,,,
,,,,,,,
immediate relatives,,"familiares; parientes, familiares inmediatos",,"USCIS says 'familiares inmediatos'. Other sources (A House of My Own, p. 115) would seem to suggest that 'familiares' itself would be equivalent to what is meant by the English 'Immediate Relatives', while 'pariente' indicates less immediate relations.",,,
,,,,,,,
,,"visado de residente, inmigrante",,"A number of Spanish-speaking countries offer 'visa(do)s de residencia' which are equivalent to what the US' system refers to as immigrant visas. However, USCIS' and the DOS' terminology broadly uses 'inmigrante', so that usage will be encountered.",,,
immigrant visa,,,,,,,
,,,,,,,
Immigration Act of 1990,,Ley de Inmigración del 1990,,,,,
,,,,,,,
Immigration and Nationality Act,,Ley de Inmigración y Nacionalidad,,,,,
,,,,,,,
Immigration Court,,"Tribunal de lo migratorio, inmigración",,,,,
,,,,,,,
immigration inspection ,,"inspección, control de migración, migratorio",,,,,
,,,,,,,
Immigration Judge,,Juez de lo migratorio,,,,,
,,,,,,,
Immigration Marriage Fraud Amendments of 1986,,"Enmiendas Migratorias, a la Inmigración por Matrimonios Falsos del 1986",,"The English is awkward; see entry under 'marriage fraud' for more. There is a grammatical difficulty due to 'marriage fraud' being a noun phrase in English, whereas its equivalent in Spanish is 'matrimonio falso', a noun with an adjective. Additionally, an interesting resource: https://www.law.cornell.edu/wex/es/leyes_predominantes_que_afectan_la_inmigraci%C3%B3n_y_naturalizaci%C3%B3n",,,
,,,,,,,
,,,,,,,
immigration officer,,funcionario de inmigración,,See discussion under 'officer/official'.,,,
,,,,,,,
,,,,,,,
Immigration Reform and Control Act of 1986 (IRCA),,"Ley de Reforma y Control Migratorio, de Inmigración del 1986",,An interesting resource: https://www.law.cornell.edu/wex/es/leyes_predominantes_que_afectan_la_inmigraci%C3%B3n_y_naturalizaci%C3%B3n,,,
,,,,,,,
,,,,,,,
immigration status,,condición migratoria,,"See 'adjustment of status', above, and 'nationality and status' reference for  more.",,,
,,,,,,,
,,,,"See 2017 Manual de ACNUR, pp. 88, 94, 95, many more",,,
immutable characteristics ,,características inmutables,,,,,
,,,,,,,
impeachment evidence,,pruebas de impugnación,,,,,
,,,,,,,
imputed political opinion ,,opinión política imputada,,"Manual y directrices sobre procedimientos y criterios para determinar la condición de refugiado, p. 12, 26.",,,
,,,,,,,
,,,,,,,
in absentia order,,orden en ausencia,,,,,
,,,,,,,
incompetent,,"no capaz, sin capacidad; no mentalmente capaz, sin capacidad mental (suficiente); no capaz de ser procesado",,See 'competent'.,,,
,,,,,,,
,,,,,,,
in status,,con condición migratoria válida,,,,,
,,,,,,,
INA,,Ley de Inmigración y Nacionalidad,,,,,
,,,,,,,
inadmissible alien,,extranjero inadmisible,,,,,
,,,,,,,
income tax return,,declaración del impuestos,,As per IRS document 850. 'los taxes' is often heard.,,,
,,,,,,,
,,,,,,,
indictment ,,"acusación formal, imputación (Perú, Panamá) ",,"There is a differentiation to be made in English between 'information', issued by a Prosecutor (perhaps 'acusación fiscal', as said in Perú), and 'indictment', issued by the grand jury. If a differentiation is required, simply specify 'acusación formal del gran jurado/la fiscalía'. See 'charges' reference for more.",,,
,,,,,,,
,,,,,,,
"Individual calendar Hearing, individual hearing ",,audiencia individual,,"The full English phrase is 'individual hearing on the merits of your applications' (as per IJ DCW, 5-12-20); that would be 'audiencia individual sobre los méritos, el fondo de sus solicitudes'. See also 'merits hearing'.",,,
,,,,,,,
,,,,,,,
ineligible/ineligibility,,no cumple/incumplimiento con los requisitos,,,,,
,,,,,,,
injunction ,,"mandamiento, requerimiento judicial",,"Black's: ""A court order commanding or preventing an action."" A reading of entries in Ossorio regarding interdicto gives the clear impression that this term refers to injunctions issued specifically regarding property disputes, and doesn't appear to be more broadly applicable. Ossorio, ""Auto: ...En general se puede decir que, mientras la providencia afecta a cuestiones de mero trámite y la sentencia pone fin a la instancia o al juicio criminal, el auto resuelve cuestiones de fondo que se plantean antes de la sentencia."" In other words, any sort of finding or order that the judge makes before the sentencing or final decision period; this is too broad for the more specific meaning of injunction. A reading of entries regarding mandato in Ossorio shows that this term clearly corresponds to the English mandate. Ossorio de nuevo, ""Mandamiento: Orden que un juez o tribunal dicta, dentro de sus facultades, para que sea cumplida una decisión o se haga eficaz un acto procesal. En ese sentido se habla de mandamiento de pago, de embargo, de desalojo, etc."" This sounds close, although 'mandamiento judicial' has a highly specific meaning in Spanish civil law, again regarding property. However, ""Requerimiento: Acto judicial por el que se intima a alguien para que haga o deje de hacer una cosa. | Es también el aviso, manifestación o pregunta que se hace, generalmente bajo fe notarial, a alguna persona, exigiendo o buscando de ella que exprese y declare su actitud o su respuesta. Ofrece, pues, gran importancia en el Derecho Procesal."" Note that the second meaning of requerimiento is a specific one, referring essentially to subpoena powers (this usage also appears in broad use in the Spanish criminal code, for example) and could cause confusion depending on the context.",,,
,,,,,,,
,,,,,,,
INS (Immigration and Naturalization Service),,Servicio de Inmigración y Naturalización,,,,,
,,,,,,,
"inspected, admitted, or paroled (you were not) ",,"no pasó por inspección, ni le dieron permiso ni permiso condicional de entrar",,,,,
,,,,,,,
inspection,,"inspección, control",,,,,
,,,,,,,
Institutional Hearing Program ,,Programa de Audiencias en Penitenciarias,,,,,
,,,,,,,
intending immigrant ,,"que pretende emigrar, inmigrar",,"""Intending immigrant means any beneficiary of an immigrant visa petition filed under section 204 of the Act, including any alien who will accompany or follow-to-join the principal beneficiary."" 8 CFR § 213a.1 - Definitions. This term can be used both to describe a beneficiary of an immigrant visa (makes sense), as well as the beneficiary of a nonimmigrant visa who, the Government believes, has the intention to immigrate (permanently) to the United States, despite not having the right visa to do so.",,,
,,,,,,,
,,,,,,,
interactive scheduling,,programación interactiva,,,,,
,,,,,,,
interlocutory appeal ,,"recurso, apelación contra resoluciones interlocutorias",,"Keep in mind the subtleties of 'recurso' and 'apelación'. A 'recurso de apelación' is, by definition, an appeal to a court of higher instance; 'apelación' on its own is an elliptical reference to the same concept, and 'recurso', being the broader category, can also include 'recurso de apelación' in an elliptical sense. However, 'recursos' can also include what we would call in English 'motions to reconsider'; if an 'interlocutory appeal' is being discussed, it is by definition to a court of higher instance; if it isn't to a court of higher instance, it is more properly a motion to reconsider. https://legislacion.vlex.es/vid/ley-enjuiciamiento-civil-126688 Also, consider Ossorio's entry for 'Auto interlocutorio': ""El que no afecta a lo principal de una causa, por dictarse en un incidente o artículo de previo pronunciamiento. (v. AUTO DEFINITIVO)."" This corresponds quite clearly to, in Black's, both interlocutory injunction, which reroutes to preliminary injunction: ""A temporary injunction issued before or during trial to prevent an irreparable injury from occurring before the court has a chance to decide the case...""",,,
,,,,,,,
,,,,,,,
issue a deportation order ,,expedir/emitir una orden de deportación,,,,,
,,,,,,,
joint sponsor,,"patrocinador conjunto, compatrono",,"We see 'patrocinador conjunto' on USCIS' website; 'compatrono', generic term; 'copatrono' is a malformation.",,,
,,,,,,,
,,,,,,,
judgement ,,sentencia,,As per Staff Interpreter Miguel Valenzuela. See also 'Decisions and Appeals' reference for more.,,,
,,,,,,,
,,,,,,,
judicial discretion ,,discreción judicial,,,,,
,,,,,,,
judicial notice ,,hecho notorio,,"As per Jowers, p. 143, ""reconocer judicialmente como hecho notorio no necesitado de prueba"". Frequently collocated in English as take judicial notice, 'reconocer como hecho notorio'.",,,
,,,,,,,
,,,,,,,
jurisdiction,,"jurisdicción, competencia",,"At a denotative level, 'jurisdiction' has a fairly one-to-one match with 'jurisdicción', and in most cases is a safe bet. That said, keep in mind that in Spanish, 'jurisdicción' may be defined as 'la facultad de resolver un litigio', and 'competencia' as 'los límites de esa facultad' (vease diccionariojuridico.org, 'competencia'). Thus, for example, if an IJ is explaining, ""Your application is currently before USCIS, I don't have jurisdiction,"" or ""Your case is still before a different Immigration Court, a COV hasn't been granted, I don't have jurisdiction,"" it would be appropriate in Spanish to say no soy la juez competente or no tengo competencia rather than no tengo jurisdicción, as jurisdicción refers in its most specific meaning to the ability of the Judge to apply the law to the facts of a case. The Judge retains that ability, simply is unable to exercise it due to questions of competencia. See also competent, venue.",,,
,,,,,,,
,,,,,,,
K Fiancée/Fiancé Visa,,"visa, visado de comprometido, de novio(a)",,"As per USCIS, 'visa de prometido'.",,,
,,,,,,,
,,,,,,,
lack of apparent relief,,"falta, carece de amparo aparente",,,,,
,,,,,,,
lack of jurisdiction ,,"falta de jurisdicción, competencia; incompetente",,See 'jurisdiction'.,,,
,,,,,,,
,,,,,,,
law enforcement,,"(enforce or carry out the law) aplicar, cumplir con la ley; (ensure compliance with the law) hacer cumplir, cumplir con la ley; (police) la policía; (other law enforcement bodies in general) la autoridad, las autoridades; (the justice system) la justicia; (generic concept of legality and societal order) orden público",,"Etymologically speaking, 'enforce' is Latin, or at least has Latin roots, but originated either in Middle Ages French or Renaissance English, and was being used in the sense of 'ensure compliance with a law' as of the mid-1600s. Thus, though intuition would say that there must be a common root somewhere, the meaning of 'fuerza' and 'forzar' are far separated from the English meaning in this context, being far more physical in their connotative usage. 'enforce' is also a transitive verb, a situation which is not easily mirrored, either, in Spanish. Further complicating the issue is the broad euphemistic or metonymical usage of 'law enforcement' in English. As a blanket term, it is used to refer to any sort of body or agency which uses legally sanctioned force to ensure compliance with the law. Given English's syntactic flexibility, this presents the translator or interpreter frequently with the struggle of having to construct a significantly different sentence or work-around in Spanish in order to adequately express the English. Keep in mind as well the almost-homonymical phrase 'in force', which corresponds to 'en vigor'.",,,
,,,,,,,
,,,,,,,
Lawful Permanent Resident,,Residente Permanente Legal,,,,,
,,,,,,,
lawfully admitted,,admitido legalmente,,,,,
,,,,,,,
lay a proper foundation ,,"hacer una fundamentación adecuada, correcta",,"This refers to the legal requirement to show, through evidence, how a witness knows the thing to which they are testifying.",,,
,,,,,,,
,,,,,,,
leading case ,,caso principal,,See 'rider' for more.,,,
,,,,,,,
,,,,,,,
leading question ,,"pregunta sugestiva, pregunta que insinúa la respuesta",,"pregunta sugestiva, as per Jowers",,,
,,,,,,,
,,,,See 'Grounds' reference for more.,,,
legal grounds ,,fundamento legal,,,,,
,,,,,,,
legal status ,,condición (migratoria) legal,,"See 'adjustment of status', above, and 'nationality and status' reference for  more.",,,
,,,,,,,
,,,,,,,
legitimated,,legitimado,,"This refers to the official acknowledgment of parentage of a child, generally by the father, as the mother's identity is usually known, and is an equivalent concept and cognate in English and Spanish.",,,
,,,,,,,
,,,,,,,
LEP,,Dominio Limitado del inglés,,"This seems to be widespread usage coming from various reputable sources, such as the Connecticut judiciary and www.ed.gov",,,
,,,,,,,
,,,,,,,
LIFE,,"La Ley de Equidad Familiar en Inmigración Legal y Endmiendas, 2000",,The Legal Immigration Family Equity Act and Amendments of 2000.,,,
,,,,,,,
,,,,,,,
limitations on discretionary relief for failure to appear ,,"restricciones, limitaciones sobre el amparo discrecional debido a su incomparecencia",,,,,
,,,,,,,
list of free legal service providers,,lista de proveedores de servicios legales gratuitos,,"Keep in mind the need to adjust register depending on the respondent; given that this is generally brought up in a functional context (""Have you been given the list of free legal service providers?"") it may well be appropriate to simply ask ""¿Le han dado la lista de abogados gratuitos?""",,,
,,,,,,,
,,,,,,,
lodge a charge,,"tramitar (filings-escritos, application-solicitud); entablar (acusación en lo penal); imputar (imputación de expulsabilidad)",,See also 'submit'.,,,
,,,,,,,
,,"perder (la, su) condición migratoria",,"See 'adjustment of status', above, and 'Nationality and Status' reference for more.",,,
lose status,,,,,,,
,,,,,,,
lottery (immigration lottery),,Lotería de visados,,USCIS says 'Loteria': https://www.uscis.gov/es/tarjeta-verde/otras-maneras-de-obtenerla/loteria-de-diversidad/tarjeta-verde-a-traves-del-programa-de-visas-de-diversidad,,,
,,,,,,,
,,Residente Permanente Legal,,,,,
LPR,,,,,,,
Machine Readable Passport (MRP),,Pasaporte legible por máquina,,"A machine readable passport is simply a travel document that has information in it that can be processed by a machine. It is not 'new' technology. https://es.wikipedia.org/wiki/Datos_legibles_por_m%C3%A1quina Note that this is different from a digitally accessible document, which may in fact not even exist physically -- or it may have a physical and a digital component, such as the passports with a chip in them. These, in Spanish, are more likely to be called 'pasaportes digitales' or 'pasaportes electrónicos' (http://www.fnmt.es/productos-y-servicios/tarjetas-electronicas/documentos-de-identificacion/pasaporte-electronico), and in English are called 'Biometric Passports' https://en.wikipedia.org/wiki/Machine-readable_passport. See also for technical details https://www.icao.int/publications/pages/publication.aspx?docnum=9303",,,
,,,,,,,
,,,,,,,
Machine Readable Visa (MRV),,Visado legible por máqina,,see machine-readable passport,,,
,,,,,,,
,,,,,,,
maintenance of status and departure bond,,"fianza/caución para mantener su condición, situación (migratoria) y salida",,"See 'adjustment of status', above, and 'Nationality and Status' reference for more.",,,
,,,,,,,
,,,,,,,
make a finding ,,"emitir un fallo, hacer una determinación",,More research necessary re: finding-sentence-decision-resolution-writ-order,,,
,,,,,,,
,,,,,,,
mandatory detention,,detención obligatoria,,,,,
,,,,,,,
marital status,,Estado civil,,,,,
,,,,,,,
marriage fraud ,,"matrimonio falso, matrimonio fraudulento",,"There's an issue here, in that a 'sham marriage' is one entered into in order to commit 'marriage fraud': https://www.uscis.gov/news/news-releases/nearly-100-charged-massive-marriage-fraud-scheme See 'sham marriage' for more. This article, clearly on this topic, refers to 'falsedad documental': https://elpais.com/ccaa/2014/10/01/madrid/1412157933_106525.html?rel=mas See also the entry for Immigration Marriage Fraud Amendments of 1986.",,,
,,,,,,,
,,,,,,,
master calendar hearing ,,audiencia preliminar,,,,,
,,,,,,,
material facts ,,"hechos importantes, esenciales, pertinentes",,"As per the Rama Judicial de Puerto Rico, hechos pertinentes (Reglas de Evidencia, 2009); there also seems to be a broad use of this collocation in Spanish, and in legal doctrine, at least from Spain. See a very illuminating example here: https://confilegal.com/20180811-cuales-son-preguntas-inutiles-sugestivas-capciosas-en-un-juicio/ Although Jowers (386) gives pregunta impertinente as irrelevant question. Keep in mind that material facts are those that go, as they say, to the heart of the issue.",,,
,,,,,,,
,,,,,,,
material witness ,,"testigo directo, esencial",,See 'fact witness'.,,,
,,,,,,,
,,,,,,,
matter of discretion ,,"cuestión / asunto discrecional, un asunto a discreción del juez",,,,,
,,,,,,,
means-tested public benefits,,"examen de recursos económicos; prueba, comprobación de medios",,"A 'means test' is an examination of economic/financial resources carried out in order to determine whether someone qualifies to receive government assistance, whether disbursement for a specific purpose or in general. As per 8 CFR § 213a.1 - Definitions, it is defined as: ""Means-tested public benefit means either a Federal means-tested public benefit, which is any public benefit funded in whole or in part by funds provided by the Federal Government that the Federal agency administering the Federal funds has determined to be a Federal means-tested public benefit under the Personal Responsibility and Work Opportunity Reconciliation Act of 1996, Public Law 104-193, or a State means-tested public benefit, which is any public benefit for which no Federal funds are provided that a State, State agency, or political subdivision of a State has determined to be a means-tested public benefit. No benefit shall be considered to be a means-tested public benefit if it is a benefit described in sections 401(b), 411(b), 422(b) or 423(d) of Public Law 104-193."" In itself, it is a term used in more 'meta' contexts--social science or policy documents, for example. This is borne out in Spanish as well as English, with most government websites describing public assistance talking about 'requisitos para percibir ayudas'. A fairly reliable source, a Guía práctica para responsabilidades de expedientes relativos al convenio de cobro de alimentos para los hijos de 2007 published by the Hague Conference on Private International Law, refers to this as ""examen de recursos económicos"". In a lack of an overwhelming consensus on the term, however, other options are not objectionable. ",,,
,,,,,,,
,,,,,,,
medical waiver ,,exención médica,,,,,
,,,,,,,
meet the burden of proof ,,cumplir con la carga de la prueba,,,,,
,,,,,,,
merits hearing ,,"audiencia sobre los méritos, el fondo de las solicitudes",,See 'individual hearing'.,,,
,,,,,,,
,,,,,,,
migrant worker ,,trabajador migratorio,,"As per UN, Convención internacional sobre la protección de los derechos de todos los trabajadores migratorios y de sus familiares",,,
,,,,,,,
,,,,,,,
moral character,,carácter moral,,"It has been argued that 'carácter' more often corresponds, in English, to 'personality'. It may be that in common speech, this is the primary meaning of the word. However, the RAE very clearly includes other usages, and the one meant by the English here is perfectly acceptable. See also 'good moral character'.",,,
,,,,,,,
,,,,,,,
moral turpitude,,"vileza, bajeza moral",,,,,
,,,,,,,
motion for change of venue,,"Petición, pedimento, moción para cambiar, cambio de fuero",,,,,
,,,,,,,
motion for continuance ,,"petición, pedimento para aplazar el caso",,,,,
,,,,,,,
motion for termination,,"pedimento, petición de cerrar, archivar, sobreseer (un caso); extinguir (la condición de asilado, DACA, o TPS)",,"A number of things can be 'terminated' in immigration proceedings: a case, asylee status, DACA, or TPS, for example. See also 'administrative closure'.",,,
,,,,,,,
,,Ley de Regularización Nicaragüense y de Amparo a Centroamerica,,"The English name of this law, the Nicaraguan Adjustment and Central American Relief Act, is both obtuse and precise. One might ask, do non-Nicaraguan Central Americans get different relief from Nicaraguans? Indeed; under NACARA, elegible Nicaraguans and Cubans are provided a route to adjustment; other Central Americans and people from Soviet Bloc countries were provided exemptions to certain continuous physical presence requirements. USCIS' translation of the name of this law is the Ley de Ajuste Nicaragüense y Ayuda a Centroamerica. Ignoring for a moment the issues surrounding 'ajuste' (see Nationality and Status reference for more), this law does not provide ayuda, which would be relief provided after a national disaster, or a war; this refers to immigration relief, so amparo (see entry for amparo for more).  ",,,
NACARA,,,,,,,
,,,,,,,
national,,"nacional (Mex), originario",,,,,
,,,,,,,
National Interest Waiver,,Exención por interés nacional,,"Translation as per USCIS. A National Interest Waiver is one category under which an alien may apply for an EB-2 visa; in other words, for whatever reason, it is in the national interest of the United States that an alien with a specific skill set or employment ability be granted a waiver and therefore a visa.",,,
,,,,,,,
,,,,,,,
National Visa Center (NVC),,"Centro Nacional de Visas, Visados",,,,,
,,,,,,,
nationality,,nacionalidad,,,,,
,,,,,,,
native,,nacional,,,,,
,,,,,,,
NATO (North Atlantic Treaty Organization) Official ,,"Agente, Oficial (depende del rango) del OTAN",,Véase officer/official.,,,
,,,,,,,
,,,,,,,
naturalization,,Naturalización,,,,,
,,,,,,,
naturalization application ,,Solicitud de naturalización,,,,,
,,,,,,,
naturalization ceremony,,ceremonía de naturalización,,,,,
,,,,,,,
naturalization certificate ,,certificado de naturalización,,,,,
,,,,,,,
nexus,,"nexo, conexión a",,,,,
,,,,,,,
non-immigrant,,"no residente, no inmigrante",,"A non-citizen who enters the United States temporarily for a specific period of time and purpose. This category includes foreign government officials, visitors for business and pleasure, students and temporary workers.",,,
,,,,,,,
,,,,,,,
non-immigrant visitor ,,"visitante no residente, no inmigrante",,,,,
,,,,,,,
non-permanent residents,,residentes no permanentes,,,,,
,,,,,,,
non-responsive answer,,Respuesta no responsiva,,See 'objections' for more.,,,
,,,,,,,
,,,,,,,
notario,,Notario,,"This Spanish term does get used in English, specifically to refer to 'persons who are Notaries Public who misrepresent their qualifications to Spanish-speaking persons in the United States and fraudulently represent them or present forms in Immigration proceedings'. If absolutely necessary (for example, ""Your Honor, it seems clear that this person was presenting himself as a notario""), you may need to add something: notario falso, fraudulento, or something of the type. After all, the misrepresentation is possible due to the fact that, in Spanish-speaking jursidictions, a notario frequently is someone who is either an attorney, or a civil servant, or both. The EOIR's official statement on the issue is here: https://www.justice.gov/eoir/nationalnotariosnotice072209spanish",,,
,,,,,,,
,,,,,,,
notary public,,"notario público, autenticador de firmas",,"If possible, make some sort of differentiation when notaries public, specifically, are being referred to, given that they are fundamentally different from a notario.",,,
,,,,,,,
,,,,,,,
notice of appeal ,,"aviso, notificación de apelación",,See 'appeal' for further discussion.,,,
,,,,,,,
,,,,,,,
notice of asylum-only hearing,,"aviso, notificación de una audiencia en un proceso exclusivamente, solamente de asilo",,"This refers to the situation that arises wherein a respondent is legally only eligible for asylum (previously removed but has returned claiming asylum and alleging changed circumstances, etc); hence, asylum-only.",,,
,,,,,,,
,,,,,,,
notice of consequences for failure to appear,,aviso/notificación de consecuencias por falta de comparecencia,,,,,
,,,,,,,
notice of consequences for failure to depart,,aviso/notificación de consecuencias por no cumplir con la orden de salida,,,,,
,,,,,,,
notice of consequences for failure to surrender to the Immigration and Naturalization Service for removal from the United States,,aviso/notificación de consecuencias por no entregarse al Servicio de Inmigración y Naturalización para su expulsión de los Estados Unidos,,,,,
,,,,,,,
notice of consequences for knowingly filing a frivolous asylum application,,aviso/notificación de consecuencias por presentar a sabiendas una solicitud de asilo que contiene falsedades,,,,,
,,,,,,,
notice of deportation hearing,,aviso/notificación de audiencia de deportación,,,,,
,,,,,,,
notice of entry of appearance as attorney,,"aviso/notificación de comparecencia, representación como abogado",,,,,
,,,,,,,
notice of hearing ,,aviso/notificación de una audiencia,,,,,
,,,,,,,
notice of intent to issue a final administrative deportation order (form I-851),,aviso/notificación de intención de emitir una orden administrativa de deportación final,,,,,
,,,,,,,
notice of intent to rescind,,aviso/notificación de rescindir,,,,,
,,,,,,,
notice of intention to rescind and request for hearing by alien,,aviso/notificación por parte del extranjero de rescindir y pedir una audiencia,,,,,
,,,,,,,
notice of privilege of counsel,, aviso/notificación sobre el privilegio de tener abogado,,,,,
,,,,,,,
notice of referral,, aviso/notificación de remisión,,,,,
,,,,,,,
notice of referral to immigration judge,, aviso/notificación de remisión a un juez de inmigración,,,,,
,,,,,,,
notice of removal hearing,,aviso/notificación de expulsión,,,,,
,,,,,,,
notice of review of claimed status,,"revisión de la condición reclamada, alegada, pretendida",,See 'claimed status review' for more discussion.,,,
,,,,,,,
,,,,,,,
notice to alien detained for exclusion hearing (Form I-122,,aviso/notificación a un extranjero detenido para su audiencia de expulsión (Formulario tipo I-122),,,,,
,,,,,,,
Notice to Appear (NTA),,aviso/notificación de comparecencia,,,,,
,,,,,,,
notice to appear for removal proceedings,,aviso/notificación de comparecencia para el proceso de expulsión,,,,,
,,,,,,,
oath of citizenship,,juramento de ciudadania,,,,,
,,,,,,,
occupation ,,"(job) empleo, trabajo; (career, field) ocupación, profesión",,,,,
,,,,,,,
off the record,,fuera del acta/fuera de actas,,,,,
,, ,,,,,
offense (criminal),,"(minor misdemeanor/ticket) infracción, multa; (misdemeanor) falta, delito menor, delito leve; (felony) delito, delito mayor; (""delito de sangre""--rape, murder, etc) crimen; (generic term) acto ilícito",,,,,
,,,,,,,
Office of Refugee Resettlement,,Oficina de Reasentamiento de Refugiados,,As per the agency itself. https://www.acf.hhs.gov/directorio-oficina-de-reasentamiento-de-refugiados,,,
,,,,,,,
,,,,,,,
Office of the Chief Immigration Judge (OCIJ) ,,Oficina del Juez Principal de Inmigración,,,,,
,,,,,,,
officer/official,,Funcionario (civil servant); Oficial (ranking military); agente (law enforcement),,,,,
,,,,,,,
one year rule,,plazo de un año,,,,,
,,,,,,,
opening argument,,alegato/declaración de apertura,,,,,
,,,,,,,
Operating Policies and Procedures Memorandum,,Memorandum de políticas y procesos vigentes,,,,,
,,,,,"Added 3-26-26, translation based entirely on my vibes. -OJLR",,
,,,,,,,
order to show cause,,Orden de presentar motivos justificantes y aviso de audiencia,,"In the immigration context, the OSC is an old form of what we know today as an 'NTA'; in particular, it is the I-221, for deportation. That form (conveniently bilingual) was titled, in Spanish, Orden de presentar motivos justificantes y aviso de audiencia.",,,
,,,,,,,
,,,,,,,
original document,,documento original,,,,,
,,,,,,,
orphan,,huérfano,,,,,
,,,,,,,
out of status,,Irregular,,"See undocumented. ""lapsed status"", essentially. https://www.gob.mx/tramites/identidad",,,
,,,,,,,
,,,,,,,
overruled objection,,"objección sin lugar, a la que no ha lugar",,,,,
,,,,,,,
overstay,,sobrepasar la estancia,,http://www.exteriores.gob.es/Consulados/LOSANGELES/es/InformacionParaExtranjeros/Paginas/PMFSchengen.aspx,,,
,,,,,,,
,,,,,,,
overturn,,"anular, revocar",,See 'Decisions and Appeals' reference for more.,,,
,,,,,,,
,,,,,,,
own recognizance,,bajo palabra,,,,,
,,,,,,,
panel physician ,,médico autorizado por el panel,,"As per the Department of State: https://travel.state.gov/content/travel/en/us-visas/inmigracion/visa-de-no-inmigrante-para-prometido-a--k-1-.html#7 Note that, here in the United States, the person who performs this exam would be denominated a 'civil surgeon'. Outside the United States, various embassies and consulates select a 'panel' of physicians that are authorized to do the exams. Hence ",,,
,,,,,,,
,,,,,,,
parole (advanced),,admisión condicional anticipada,,,,,
,,,,,,,
parole (immigration),,admisión condicional,,,,,
,,,,,,,
parolee,,persona admitida condicionalmente,,,,,
,,,,,,,
particular social group,,determinado grupo social,,"Vease el manual del ACNUR, también la European Asylum Support Office y sus recursos tremendos.",,,
,,,,,,,
,,,,,,,
particularly serious crime,,"un delito sumamente/particularmente grave, serio",,As per 8 U.S.C. § 1231(b)(3)(B).,,,
,,,,,,,
,,,,,,,
pattern and practice of persecution of similarly-situated individuals,,patrón y práctica de persecución de personas en situaciones parecidas,,,,,
,,,,,,,
PD (Prosecutorial Discretion),,(criminal) a discreción fiscal;  la discreción de no proseguir,,"The normal expression used by interpreters here in the US is something like 'a discreción fiscal' or 'a discreción del fiscal'; Spanish terms these abilities broadly as 'facultad(es) discrecional(es)' (Ossorio), or even 'discrecionalidad' (Principios de obligatoriedad y discrecionalidad en el ejercicio de la acción penal, Manuel Rodriguez Vega); usage of 'poder discrecional' appears often in translated texts. In all of these cases, the discretionality in question is that of the criminal prosecutor. As discussed elsewhere in the present resource (see Trial Attorney), DHS attorneys should not be considered an exact corollary of a criminal prosecutor. Therefore, to avoid referring, even elliptically, to DHS as a 'fiscal', other options are recommended.",,,
,,,,,,,
,,,,,,,
penalty,,pena; castigo; penalidad,,"The term 'pena' is a sufficiently generic that it is an appropriate go-to equivalent. However, there are many types of penalties, and other options, such as 'pena de multa' or just 'multa' may be appropriate as well.",,,
,,,,,,,
,,,,,,,
pending application,,solicitud pendiente,,,,,
,,,,,,,
permanent resident,,residente permanente,,See also Legal Permanent Resident (LPR).,,,
,,,,,,,
,,,,,,,
permanent resident alien,,extranjero residente permanente,,See also Legal Permanent Resident (LPR).,,,
,,,,,,,
,,,,,,,
personal vendetta,,vendetta personal,,,,,
,,,,,,,
petitioner,,solicitante,,,,,
,,,,,,,
photocopy,,"fotocopia, copia",,,,,
,,,,,,,
physical abuse,,"abuso, maltrato físico",,,,,
,,,,,,,
physical presence,,presencia física,,"One of the main criteria for 42-B relief, having been 'physically present' in the United States for 10 years prior to the issuance of the NTA.",,,
,,,,,,,
,,,,,,,
"plaintiff (civil, criminal)",,demandante,,,,,
,,,,,,,
plausible in light of country conditions,,"verosímil, en vista de las condiciones en el país",,"This is a difficult phrase. 'plausible' does exist in Spanish, though the RAE's definition indicates it's not a comfortable cognate: ""1. adj. Digno o merecedor de aplauso. 2. adj. Atendible, admisible, recomendable. Hubo para ello motivos plausibles."" 'posible', in the meantime, while an intuitive leap, would probably consitute an ethically dubious change of meaning in most circumstances. The European Asylum Support Office, in its training materials, uses the term 'verosímil'; while not the most everyday word, it seems an adequate equivalent, and is in use by practitioners in this field. See Guía Práctica de la EASO: Valoración de las Pruebas, p. 12.",,,
,,,,,,,
,,,,,,,
pleadings (to an NTA),,contestaciones (a un aviso de comparecencia),,,,,
,,,,,,,
police clearance letter,,"carta de no antecedentes policiales, penales",,https://consulmex.sre.gob.mx/houston/index.php/regcivilpoderes/contanciaantecedentespenales; https://www.tramitescoahuila.gob.mx/tr%C3%A1mites-de-aytos.-municipales/ayto.-municipal-de-torre%C3%B3n/carta-de-no-antecedentes-policiales.html,,,
,,,,,,,
,,,,,,,
police record,,"antecedentes policiacos, penales",,See 'police clearance letter' ,,,
,,,,,,,
,,,,,,,
political asylum,,asilo político,,,,,
,,,,,,,
political beliefs,,creencias políticas,,,,,
,,,,,,,
political crimes,,delitos políticos,,,,,
,,,,,,,
polygamy,,poligamia,,,,,
,,,,,,,
port of arrival,,puerto de llegada,,,,,
,,,,,,,
port of entry,,puerto de entrada,,,,,
,,,,,,,
post bail,,pagar/depositar fianza,,See 'bond' for discussion on 'bail' vs. 'bond'.,,,
,,,,,,,
,,,,,,,
postponement,,"aplazamiento, postergación",,,,,
,,,,,,,
Poverty Guidelines,,línea de pobreza,,See 'Federal Poverty Guidelines'.,,,
,,,,,,,
,, ,,,,,
power of attorney,,"poder, poder notarial",,,,,
,,,,,,,
practitioner,,profesional (de derecho),,"Se practica medicina, pero practicar derecho es lo que uno hace para aprender y prepararse.",,,
,,,,,,,
,,,,,,,
precedent decision,,decisión de precedente,,"While the concept is not native to civil/Roman-law jurisdictions, it is a concept from common/Anglo-Saxon law that is beginning to be known. See Precedente Judicial, by Victoria Iturralde.",,,
,,,,,,,
,,,,,,,
preclude/precluded,,"denegar, denegación anticipada",,"The expression 'to preclude' is a concept that is often used in criminal or civil procedure, wherein a particular legal action or line of questioning cannot move forward, for example because it has previously been litigated and therefore cannot be re-litigated. However, it doesn't have a specific meaning in the Immigration context; if you hear it, it is likely referring to the concept of 'pre-termit'. See 'pre-termit'.",,,
,,,,,,,
,,,,,,,
pre-conclusion voluntary departure,,"salida voluntaria previa a, antes de la resolución del caso",,,,,
,,,,,,,
prejudice (withdraw application with/without) ,,definitivamente/no definitivamente; firme/no firme; con fuerza de cosa juzgada/sin fuerza de cosa juzgada,,"Prejudice is one of those terms that legal intepreters and translators love to fight over. This is the situation: In English, we have these two terms, 'with' and 'without prejudice', and they mean, essentially, that (in general) the same charges or case could, or could not, be filed again. Interestingly, this meaning of prejudice, while used in Black's, is not defined. This is related to the concept of res judicata, also known as cosa juzgada, which Black's gives as ""1. An issue that has been definitively settled by judicial decision. 2. An affirmative defense barring the same parties from litigating a second lawsuit on the same claim, or any other claim arising from the same transaction or series of transactions and that could have been--but was not--raised in the first suit."" That second definition is the meaning given by Black's for prejudice. So while the concepts are almost identical, their usage is not. In addition, there is, in Spanish, the concept of firme, defined by the DEJ of the RAE as, ""Adm. y Proc. Dicho de un acto o resolución administrativa o judicial: Invariable, por no haber sido impugnado o no admitir recurso."" Frequently, this is used to express whether a sentence is firme o no.  In a way, this is a good thing for us translators and interpreters--it gives us power to decide how we want to express the concept. The flip side to this is that we need to understand the different concepts and deploy them properly. This particular usage--'the application has been withdrawn with prejudice'--could, for example, be rendered as se ha retirado la solicitud definitivamente,  or perhaps se ha retirado la solicitud de manera firme, but definitely not se ha retirado la solicitud con fuerza de cosa juzgada, because after all, a decision has not been made about the application. If it were regarding a criminal case, or even an individual hearing on an application for relief, our options are different. For additional consideration, see entries on 'sobreseimiento' and 'desestimación' in the 'Decisions and Appeals' reference.",,,
,,,,,,,
,,,,,,,
preponderance of the evidence,,preponderancia de las pruebas,,,,,
,,,,,,,
pre-termit (an application),,"denegar, denegación anticipada",,"To 'pre-termit', usually 'an application', in immigration proceedings, refers to the denial of an application without a hearing on its  merits due to the respondent being ineligible for the relief sought.",,,
,,,,,,,
,,,,,,,
prevail ('if we don't prevail'),,prosperar,,,,,
,,,,,,,
prima facie eligibility,,"cumplir con, reunir los requisitos a primera vista",,"Note that prima facie eligibility, for example in 42-B cancellation, refers to some basic facts: one does not have disqualifying convictions, one has (allegedly) been in the country for 10 years, and one has (allegedly) a qualifying USC relative. The rest of the factors, including hardship, etc., have to be shown. 'tener derecho a' goes much farther than what is intended by 'eligibility' in this context; the more tentative 'reunir los requisitos' is more appropriate.",,,
,,,,,,,
,,,,,,,
principal alien,,extranjero principal,,,,,
,,,,,,,
principal applicant,,solicitante principal,,,,,
,,,,,,,
priority date ,,fecha de prioridad,,,,,
,,,,,,,
"priors, rap sheet, criminal record",,"antecedentes penales, historial penal",,,,,
,,,,,,,
proffer,,resumir; resumen,,"The term 'proffer', in most legal environments, would be equivalent to 'present' or 'file' or, sometimes, 'argue'; it's the offering of an argument or a piece of evidence in court. However, in Immigration Court, it can have a specific meaning: to orally summarize, or agree to summarize, the main points of what a witness would testify to in place of a written affidavit, so as to avoid having to put the witness on the stand and have them testify. This is often done with minor children, or experts when testimony has gone on too long and there's not enough time left.",,,
,,,,,,,
,,,,,,,
pro se ,,"en representación propia, abogar por si mismo/a, auto-representación, representarse a sí mismo",,"There are many latinisms in English legal language, this being one of the most prominent. You will often hear translators and interpreters say that you can simply leave a Latin phrase as-is when interpreting or translating, especially as any Spanish-speaking attorney worth their salt would probably be familiar with the Latin phrase. 'Pro se', itself, almost sounds like something that has meaning in Spanish, and it is broadly used throughout the United States in translated materials provided by law firms, courts, and other agencies. As a result, some speakers may be familiar with the term. That said, the author has yet to find a native Spanish-language source which uses the phrase 'pro se' to describe the situation of a litigant appearing before a court without a lawyer. Most often, sources describe this as 'en representación propia' (for examples of this, at least in Spain, google 'proceso monitorio', equivalent to a default debt collection proceeding). Keep in mind that IJs often use several phrases in a row to describe pro se representation, so it's good to have several formulations handy.",,,
,,,,,,,
,,,,,,,
probation,,libertad condicional,,,,,
,,,,,,,
"procedural code, legal code",,"código procesal, legal",,,,,
,,,,,,,
procedure,,procedimiento,,,,,
,,,,,,,
proceeding,,"diligencia, audiencia",,,,,
,,,,,,,
proceedings,,(overall process) proceso; (a few hearings) diligencias,,,"to be placed in proceedings': ?? Example: ""If I determine that the asylum officer made a mistake in your case, I will vacate the decision, and you will be placed in proceedings where you can seek relief.",,
,,,,,,,
process,,proceso,,,,,
,,,,,,,
proffer,,"resumir, resumen",,"The word 'proffer' has a generic legal meaning of ""To offer or tender (something , esp. evidence) for immediate acceptance."" (Black's, p. 1329) In the EOIR context, however, it has a specific usage, which could be summarized as 'to offer a summary of the facts to which a witness would testify without the witness having to testify'. This is seen frequently with witnesses who are children, or witnesses whose testimony might be repetitive--or sometimes when there's an attempt to save time. See also 'stipulate'.",,,
,,,,,,,
,,,,,,,
proof of departure,,"prueba, comprobante de salida",,,,,
,,,,,,,
proof of service ,,"constancia, comprobante de entrega, traslado",,,,,
,,,,,,,
prosecution,,"encausamiento, enjuiciamiento, procesamiento",,,,,
,,,,,,,
prosecutorial discretion,,"a discreción del/la fiscal, la fiscalía",,,,,
,,,,,,,
prospective employment,,"posible empleo, trabajo",,,,,
,,,,,,,
proxy marriage,,"casamiento, matrimonio por poder",,,,,
,,,,,,,
"public assistance, benefits",,"asistencia pública (MX), ayuda pública, subvención (ES)",,"Public assistance, synonymous with 'public benefits', or often just 'benefits' in the United States, is a broad category. It refers to everything from emergency cash for heating or electricity bills, to foodstamps, state-subsidized healthcare, and more. See 'social services' reference for more.",,,
,,,,,,,
,,,,,,,
"Public Charge, public burden",,"(US Immigration rules) Carga Pública; carga al público, carga para la asistencia social",,"The United States has long had a history (since the 19th century) of rules in immigration designed to eliminate or discourage the entry of immigrants who could become a burden to society, that is, a public charge. 'burden' is translated as 'carga' (onus probandi should be left in Latin), and charge, here, is a bit of an antiquated usage that refers to what is more commonly called being a ward, commonly heard in Juvenile or Family law contexts in the phrase ward of the state, which could be rendered as pupilo del Estado. Using 'pupilo' for 'public charge' would be an over-translation, choosing a term that is more specific than what is meant: carga is an appropriate equivalent for both burden and charge. There is extensive usage of 'carga pública' to refer to these US rules, from USCIS to immigration advocacy groups to press coverage in Mexico and Spain. ( https://www.uscis.gov/es/tarjeta-verde/carga-publica )This concept of immigrants being a burden exists in Spain; searches on the topic in Mexico revealed programs designed to support migrants, rather than exclude them. Spain's phrasing is, ""...para no convertirse en una carga para la asistencia social en España durante su periodo de residencia..."" (emphasis added). http://extranjeros.mitramiss.gob.es/es/InformacionInteres/InformacionProcedimientos/CiudadanosComunitarios/hoja102/index.html#aplicacion",,,
,,,,,,,
,,,,,,,
public record,,"documento público, de conocimiento público",,,,,
,,,,,,,
pursuant to section...,,"conforme, según, a tenor del artículo…",,,,,
,,,,,,,
"qualify, to",,"reunir, cumplir los requisitos ",,,,,
,,,,,,,
qualified representative,,representante cualificado,,"See 'Accredited Representative'. Qualified -- works with those who are not competent. Accredited -- not necessarily an attorney, can be prime.",,,
,,,,,,,
,,,,,,,
qualifying relative,,familiar que reúne los requisitos,,Generally in 42-B or 485 relief.,,,
,,,,,,,
,,,,,,,
quota system,,sistema de cuotas,,,,,
,,,,,,,
re-entry permit,,"permiso de reingreso, de volver a entrar",,"While 're-entrar' may be intuitive, it doesn't appear to be widely used by reputable sources; 'reingresar' is, however, in the RAE.",,,
,,,,,,,
,,,,,,,
reason to believe,,"razón, motivo para creer",,"While this sounds conceptually similar to probable cause, it is not a synonym nor is it a formal legal standard. See 'Grounds and Standards of Proof' reference for more.",,,
,,,,,,,
,,,,,,,
reasonable grounds,,"indicios razonables, motivos razonablemente fundados (CO)",,check this,,,
,,,,,,,
reasonable person standard,,estándar de la persona razonable,,"The 'reasonable person standard' is a legal criteria that is applied both in criminal and in civil law. It is a legal fiction,and essentially consists of an idealized version of how a reasonable person would act under given circumstances. As a legal standard, it does not exist in Civil/Roman/Hispanic law, and therefore, a literal translation of the Common-Law/Anglo law is appropriate. See Juan Pablo Pérez-León Acevedo, The inconvenience of the reasonable person standard in criminal law, Derecho PUCP, Revista de la Facultad de Derecho, No. 73, 2014, pp. 505-509",,,
,,,,,,,
,,,,,,,
"reasonable, substantial, and probative evidence (sustained by)",,"(confirmado por) pruebas razonables, sustanciales, y probativas",,This is the (old) standard for deportability. See Grounds and Standards of Proof reference for more.,,,
,,,, ,,,
,,,,,,,
rebuttal evidence,,contraprueba,,"Jowers, p. 381",,,
,,,,,,,
,,,,,,,
rebuttable presumption,,presunción refutable,,,,,
,,,,,,,
receipt notice,,acuse de recibo,,,,,
,,,,,,,
recess (legal),,descanso,,"According to the DPEJ, 'receso' refers to temporarily closing an administration or university or some larger organization. 'suspenso' is generally longer-term, an equivalent to English 'deferral' or 'abeyance'. 'recreo' is, of course, the term used for recess in an elementary or even secondary school context. 'descanso' is suggested in the absence of further source evidence, as well as elliptical constructions using 'levantar la sesión'.",,,
,,,,,,,
,,,,,,,
"record (i.e., official court record)",,acta,,,,,
,,,,,,,
record checks,,verificación de antecedentes,,,,,
,,,,,,,
record of conviction,,antecedentes de condenas previas,,,,,
,,,,,,,
record of negative credible fear finding and request for review by immigration judge (I- 869),,acta de fallo negativo sobre el temor creíble y petición para su revisión por un Juez de Inmigración,,,,,
,,,,,,,
"record of proceeding (ROP), record of proceedings ",,"acta del procedimiento, expediente",,,,,
,,,,,,,
record of sworn statement (in administrative proceedings),,constancia/acta de declaración jurada (en un proceso administrativo),,"This is the name of the I-877, which is a CBP/USCIS/DHS form used in admitting Cubans to the United States.",,,
,,,,,,,
,,,,,,,
records check,,verificación/búsqueda/registro de antecedentes (penales),,,,,
,,,,,,,
recross (examination),,segundo contrainterrogatorio,,,,,
,,,,,,,
redirect (examination),,segundo interrogatorio directo,,,,,
,,,,,,,
reentry permit,,permiso para volver a entrar al país,,"Be careful with what words you put 're' on the front of. Many of them may sound like words in Spanish but would be, in fact, a kind of Spanglish.",,,
,,,,,,,
,,,,,,,
referral assessment,,evaluación del remitente,,"This is an assessment (evaluación), made generally by USCIS, of an asylum claim, that the IJ receives when the case is referred (remitido) to the EOIR from USCIS, generally after a denial by USCIS.",,,
,,,,,,,
,,,,,,,
refugee,,refugiado,,,,,
,,,,,,,
refugee claim,,"(application) solicitud; (request for refugee status) petición para la concesión, otorgamiento de condición, estatuto de refugiado; (the story, arguments, and information presented in the application and evidence) pretensión, pretensiones, reclamar, reclamación",,"Generally we do not deal with 'refugee status' per se in Immigration Court; it does, however, get bundled in with 589-related relief. See 'asylum claim' and 'claim'.",,,
,,,,,,,
,,,,,,,
refugee status,,"condición, (EU) estatuto de refugiado",,"See 'adjustment of status', above, and 'Nationality and Status' reference for more.",,,
,,,,,,,
,,,,,,,
registry,,registro,,"As per USCIS: ""Registry is a section of immigration law that enables certain individuals who have been present in the United States since Jan. 1, 1972, the ability to apply for a Green Card (permanent residence), even if they are currently in the United States unlawfully.""",,,
,,,,,,,
,,,,See 'registry'.,,,
registry date,,fecha de registro,,,,,
,,,,See 'registry'.,,,
registry relief,,amparo por registro,,,,,
,,,,,,,
release on bond,,libertad bajo fianza,,,,,
,,,,,,,
reliable evidence,,pruebas fidedignas,,,,,
,,,,,,,
relief,,amparo (migratorio),," Amparo is a generic noun whose meaning is what we are looking for. However, it should never be termed a 'recurso de amparo', which is a separate, highly specific, type of trial or process which is carried out (more or less, an appeal to the Supreme Court based on constitutional or human rights grounds). A 'beneficio' can be applicable, depending on the context; a 'recurso' is strictly speaking an appeal or petition-like action. 'remedio', legally speaking, is a synonym of 'recurso'.",,,
,,,,,,,
,,,,,,,
relief from deportation,,amparo contra la deportación,,,,,
,,,,,,,
relief from removal,,amparo contra la expulsión,, ,,,
,,,,,,,
religious worker,,trabajador religioso,,Both USCIS and the Ministerio de Exteriores of Spain use the term 'religioso' for this.,,,
,,,,,,,
,,,,,,,
relocation,,reubicación; (internal relocation) reubicación dentro del país,,"See ACNUR manual, p. 114. Also frequently seen in Spanish is the issue of ""desplazamiento interno"", or ""internally displaced persons"".",,,
,,,,,,,
,,,,,,,
remand,,retrotraer (sending a case back down to a court of lesser instance); remitir (rendition of a person or case to an authority) ,,"For more information on this term, see 'Decisions and Appeals' reference",,,
,,,,,,,
,,,,,,,
remittance,,remesa,,,,,
,,,,,,,
removable alien,,"extranjero sujeto a, objeto de, la expulsión, expulsable",,"Anuario de la Comisión de Derecho Internacional 2009, Vol.I, p. 63; ",,,
,,,,,,,
,,,,,,,
removal,,expulsión,,,,,
,,,,,,,
removal hearing,,audiencia/vista de expulsión,,,,,
,,,,,,,
removal proceeding,,proceso/diligencia de expulsión,,,,,
,,,,,,,
remove at government expense,,expulsar a costo/expensas del gobierno,,,,,
,,,,,,,
render a decision,,pronunciar/emitir un fallo,,,,,
,,,,,,,
reopen a case,,"reactivar, reabrir, volver a abrir, entablar un caso",,"Please note that 'reopening' refers to the same case that previously was closed (for whatever reason, administrative closure or the respondent obtaining status) being reopened against the respondent. Contrast this with 'repapering'.",,,
,,,,,,,
,,,,,,,
repapering,,"volver a entablar, formular, emitir, presentar imputaciones",,"Please note that 'repapering' refers to the issuing of new charges against a respondent via a new NTA, perhaps on new grounds or under a different section of the INA. Contrast with 'reopen'.",,,
,,,,,,,
,,,,,,,
represented by counsel,,"representado por un licenciado, abogado, letrado; ",,,,,
,,,,,,,
required departure,,salida obligatoria,,,,,
,,,,,,,
rescission case,,"(caso de) anulación, rescisión de la ciudadanía",,"This refers to the rescission of naturalization. Google shows mainly results regarding the US, but under 'anulación' there are discussions of similar issues in, for example, Colombia.",,,
,,,,,,,
,,,,,,,
"reserve a decision, reserved decision",,"decisión, fallo en suspenso, reservado; reservar, mantener en suspenso a una decisión, fallo",,Clarify what reserving a decision is,,,
,,,,,,,
,,,,,,,
resettlement,,"reasentamiento, reubicación ",,Look for Spanish-language sources on this…,,,
,,,,,,,
,,,,,,,
resident alien ,,extranjero residente,,"As per USCIS: ""Applies to non-U.S. citizens currently residing in the United States. The term is applied in three different manners; please see Permanent Resident, Conditional Resident, and Returning Resident""",,,
,,,,,,,
,,,,,,,
resident alien card,,tarjeta de extranjero residente,,see 'resident alien',,,
,,,,,,,
,,,,,,,
respondent,,compareciente,,,,,
,,,,,,,
"rest, to",,dejar de practicar la prueba,,"Should this be combined with special immigrant, or should a distinction be made?",,,
,,,,,,,
returning resident,,"(visado de) residente que retorna, vuelve",,"The DoS (issuer of these visas, known as SB-1) translates this variously as ""Residentes de Regreso"" (US Embassy, Guatemala City), ""residentes que retornan"" and ""residentes en retorno"" (travel.state.gov). While the calquey nature of this translation might be uncomfortable, consider the standard ""retorno voluntario"" used in EU space.",,,
,,,,,,,
,,,,,,,
revalidation of a visa,,renovación de (el) visado,,,,,
,,,,,,,
revocation of a visa,,"cancelación (MX), anulación (SP), revocación (USCIS)",,"Mexico: SRE's series of advisory posters, ""Cancelación Visas 2019"";  Spain: http://www.exteriores.gob.es/Consulados/MEXICO/es/InformacionParaExtranjeros/Paginas/Preguntas-Fr.aspx; USCIS: https://www.uscis.gov/es/forms/solicitudes-de-visas-inmigrante-devueltas-por-las-oficinas-consulares-del-departamento-de-estado",,,
,,,,,,,
,,,,,,,
RFE,,solicitudes de evidencia,,Request for Evidence. USCIS calls them Solicitudes de Evidencia. https://www.uscis.gov/es/noticias/alertas/uscis-anuncia-flexibilidad-para-las-solicitudes-de-evidencia-notificacion-de-intencion-de-denegacion,,,
,,,,,,,
,,,,,,,
RFR,,petición/pedimento de revisión; Reasonable Fear Review proceedings,,,,,
,,,,,,,
rider (respondent),,"(compareciente) secundario, adicional",,"This is a difficult term to research, given the prevalence of the term 'rider' in other contexts (contracts, insurance policies). Contrasting between the 'compareciente principal' (lead respondent) and 'compareciente secundario' (rider respondent) provides conceptual clarity.",,,
,,,,,,,
,,,,,,,
right of appeal,,Derecho de apelar/apelación,,,,,
,,,,,,,
right to obtain the services of legal counsel ,,derecho a conseguir los servicios de un licenciado/abogado/consejo legal,,,,,
,,,,,,,
rules of evidence,,reglas de (la) prueba,,"As per, for example, Reglas de Procedimiento y Prueba, Publicación de la Corte Penal Internacional.",,,
,,,,,,,
,,,,,,,
safe haven,,"santuario, refugio",,"In the context of asylum, this phrase is used once in the UNHCR manual: p. 111, and is translated as 'santuario'. It has another usage, though, which is common in American English (see excellent linguistic-political analysis at https://foreignpolicy.com/2015/01/26/al-qaeda-islamic-state-myth-of-the-terrorist-safe-haven/), and is defined by the State Department (https://2009-2017.state.gov//documents/organization/65466.pdf) as: ""A terrorist safe haven is an area of relative security exploited by terrorists to indoctrinate, recruit, coalesce, train, and regroup, as well as prepare and support their operations."" The document further indicates that these can be physical, electronic, or otherwise ""virtual"" safe havens.",,,
,,,,,,,
,,,,,,,
safe third country,,tercer país seguro,,,,,
,,,,,,,
schedule a case,,"fijar, programar una fecha para el caso, la audiencia, la vista",,,,,
,,,,,,,
school record,,expediente escolar,,,,,
,,,,,,,
seek (Legal),,"solicitar, pedir",,,,,
,,,,,,,
seek admission,,solicitar/pedir admisión,,See 'entry' for more discussion.,,,
,,,,,,,
,,,,,,,
self supporting document,,documento de fe pública,,"This is exactly what it sounds like; a document that needs no further corroboration (for example, a birth certificate)",,,
,,,,,,,
,,,,,,,
sentence,,condena,,"As per Miguel Valenzuela. See 'Decisions and Appeals' reference for much, much more.",,,
,,,,,,,
,,,,,,,
sentencing,,"imposición de la condena, pena",,,,,
,,,,,,,
sentencing guidelines,,banda punitiva,,,,,
,,,,,,,
separation of witnesses,,incomunicación de los testigos,,"Jowers, pp. 358. See also 'exclusion' and 'sequestration' of witnesses.",,,
,,,,,,,
,,,,,,,
sequestration of witnesses,,incomunicación de los testigos,,"Sequestration refers to the strict circumstances surrounding Grand Jurors and some trial witnesses, wherein they are kept isolated from society in general. This is contrasted with the separation of witnesses, which is what we see in Immigration Court when the IJ requests a witness wait outside until their testimony is required, so as to avoid hearing other witness' testimony. The phrase 'exclusion of witnesses', in English, can refer to both separation as just described, as well as, generally in criminal court, to a witness being barred from testifying for whatever reason (prejudicial, etc). See also 'separation', 'exclusion' of witnesses.",,,
,,,,,,,
,,,,,,,
sexual abuse,,Abuso sexual,,See the 'Sex Crimes' reference for further breakdown on specific terms.,,,
,,,,,,,
,,,,,,,
sham marriage,,matrimonio de conveniencia,,Contrast this term with 'marriage fraud' https://es.wikipedia.org/wiki/Matrimonio_de_conveniencia ,,,
,,,,,,,
,,,,,,,
singled out,,ser un blanco; seleccionar; elegir personalmente; atentar contra,,See 'target'.,,,
,,,,,,,
,,,,,,,
smuggler,,(de bienes) contrabandista; (de personas) tratante de personas; (frontera EEUU/Mex.) coyote; (Cuba) lanchero,,"Vease la Convención de las Naciones Unidas Contra la Delincuencia Organizada Transnacional y sus Protocolos, p. 5",,,
,,,,,,,
,,,,,,,
sound discretion (of the Court),,"discreción fundada, discreción irrebatible",,"""well-reasoned"".",,,
,,,,,,,
,,,,,,,
Special Immigrants,,Inmigrantes Especiales,,,,,
,,,,,,,
special rule for battered spouses,,"regla, norma especial para cónyuges golpeados, maltratados",,"Keep in mind the difference between a rule (norma, regla) and regulation (normativa, reglamento). Also, 'battered' here refers to someone who has been subject to abuse (abuso, maltrato, malos tratos) that was specifically physically violent in nature, and particularly severe. In other words, the spouse was not simply subject to abuse, but subject to battery through that abuse. A literal translation leads us to 'cónyuge golpeado/a', whereas a contextual translation that makes reference to the pattern of abuse would be more like 'cónyuge maltratado/a'.",,,
,,,,,,,
,,,,,,,
specious argument,,"argucia, argumento engañoso",,,,,
,,,,,,,
sponsor,,patrocinador; (VAWA) auto-patrocindador,,"Given the interference in Mexican colloquial with 'patrón' for boss, and USCIS' use of 'patrocinio' in official documents, 'patrocinio' would be the form recommended for this concept.",,,
,,,,,,,
,,,,,,,
Sponsored Immigrant,,"migrante, inmigrante patrocinado",,,,,
,,,,,,,
spouse ,,cónyuge,,,,,
,,,,,,,
SSA,,Administración de la Seguridad Social,,,,,
,,,,,,,
State Department Advisory Opinion,,opinión consultiva del Departamento de Estado,,This is an official response from the DoS regarding the two-year home-country physical presence requirement: https://travel.state.gov/content/travel/en/us-visas/visa-information-resources/advisory-opinions.html,,,
,,,,,,,
,,,,,,,
State Department Country Report,,Informe del Departamento de Estado sobre las condiciones actuales en el país,,"The official name of these reports as per the State Department is the Country Reports on Human Rights Practices, https://www.state.gov/reports/2019-country-reports-on-human-rights-practices/ That said, IJs routinely refer to these reports in many different ways: 'the current State Department report', 'the country conditions report', 'the current human rights report'; so be ready to adapt your interpretation to whatever the IJ says.",,,
,,,,,,,
,,,,,,,
state your appearances,,Preséntense para que conste (su comparecencia),,,,,
,,,,,,,
stateless,,apátrida,,,,,
,,,,,,,
statement under oath,,"declaración bajo juramento, protesta",,,,,
,,,,,,,
,,,,,,,
status conference,,audiencia de actualización,,,,,
,,,,,,,
statute of limitations,,prescripción,,Many translator and interpreters' resources will give this as 'periodo de prescripción'. The 'periodo' is not necessary; the concept of time is included in the idea of 'prescripción'. See the RAE.,,,
,,,,,,,
,,,,,,,
statutorily bar,,prohibir por ley,,,,,
,,,,,,,
statutorily eligible,,reunir/cumplir los requisitos conforme con/según la ley,,,,,
,,,,,,,
statutory requirements,,requisitos legales/de ley,,,,,
,,,,,,,
statutory threshold (to meet the),,cumplir/reunir los requisitos mínimos,,,,,
,,,,,,,
stay ,,"suspensión, orden de suspensión, suspender",,,,,
,,,,,,,
,,,,,,,
stay of deportation order,,suspensión de la orden de deportación,,,,,
,,,,,,,
stipulate,,estipular,,"RAE: ""estipulación. Del lat. stipulatio,-onis. 1. f. Convenio verbal. 2. f. Der. Cada una de las disposiciones de un documento público o particular. 3. f. Der. Promesa que se hacía y aceptaba verbalmente, según las solemnidades y fórmulas prevenidas pro el derecho romano.",,,
,,,,,,,
,,,,,,,
stop-time rule,,regla de la suspensión de la acumulación de tiempo,,"This generally refers to 42-B relief, in which the respondent must have accumulated 10 years' physical presence in the country before issuance of the NTA.",,,
,,,,,,,
,,,,,,,
stowaway,,polizón,,,,,
,,,,,,,
strike from the record; strike that,,"tachar (del acta, las actas); tache eso",,,,,
,,,,,,,
subject to an order,,sujeto/a a una orden,,,,,
,,,,,,,
submission of evidence,,presentación/tramitación de pruebas,,,,,
,,,,,,,
submit documents,,presentar/radicar/entregar documentos,,See also 'file'. ,,,
,,,,,,,
,,,,,,,
substantive evidence,,pruebas sustantivas,,,,,
,,,,,,,
substantive grounds,,indicios sustantivos,,,,,
,,,,,,,
substitute sponsor,,"patrocinador sustituto, suplente",,"Substitute sponsor means an individual who meets the requirements of section 213A(f)(1)(A), (B), (C), and (E) of the Act and 8 CFR 213a.2(c)(1)(i), who is related to the principal intending immigrant in one of the ways described in section 213A(f)(5)(B) of the Act, and who is willing to sign the affidavit of support in place of the now-deceased person who filed ta relative or fiancé(e) petition that provides the basis for the intending immigrant's ability to seek permanent residence. 8 CFR § 213a.1 - Definitions. ",,,
,,,,,,,
,,,,,,,
subversive activity,,actividad subversiva,,"Lots of UN sources, as well as Europarl, clearly use these two as equivalents.",,,
,,,,,,,
,,,,,,,
succeed (on appeal),,prosperar,,https://www.expansion.com/juridico/actualidad-tendencias/2016/03/01/56d5e3d246163fb75b8b465e.html,,,
,,,,,,,
,,,,,,,
summarily dismissed (an appeal),,desestimación anticipada,,See 'Decisions and Appeals' reference for more.,,,
,,,,,,,
,,,,,,,
summations,,alegato final,,This is a synonym of 'closing argument'.,,,
,,,,,,,
,,,,,,,
summon a witness,,"citar, citar a comparecer, convocar a un testigo",,"Consider the action of summoning someone -- citar or convocar -- versus the issuing of a summons, emitir una citación/orden judicial de comparecencia.",,,
,,,,,,,
,,,,,,,
summons,,citación/orden judicial de comparecencia,,"Según Alcaráz y la RAE, una citación es una orden de comparecencia judicial, mientras que un citatorio es una orden de comparecencia, pero no judicial. ",,,
,,,,,,,
,,,,,,,
superseding charging document,,"imputación, acusación, documento acusatorio, imputatorio sustituivo, supletorio",,"The more commonly-heard phrasing is ""superseding indictment"". The Peruvian Penal Code, for example, provides for the modification of indictments, but doesn't seem to describe the situation expressed as a ""superseding"" indictment.",,,
,,,,,,,
,,,,,,,
supplemental asylum application,,solicitud de asilo suplementaria,,,,,
,,,,,,,
supported by the record,,"sustentado en, según el acta",,,,,
,,,,,,,
supporting documents,,documentos de apoyo,,,,,
,,,,,,,
supporting materials,,materiales de apoyo,,,,,
,,,,,,,
suppression of evidence,,inadmisión de la prueba,,"As per Jowers, p. 140, 144, 'inadmision de pruebas'",,,
,,,,,,,
,,,,,,,
surrender for removal,,entregarse para su expulsión,,,,,
,,,,,,,
surviving parent,,"padre, madre, padre de familia que sobrevive",,"This is a usage of the word 'survive' which is standard language in obituaries. Towards the end of an obituary, there will be a section that might read, ""She is survived by her children, sister, and grandchildren,"" with the names of all of those persons. Spanish-language obituaries don't seem to follow this pattern, opting for putting a list of all surviving family members first as subjects, followed by ""...ruegan una oración por su alma..."", or simply a statement of the place and date of death. Newspaper-style obituaries often don't mention the family. Despite Spanish having a cognate for this word, English has this usage attested as of the year 1473 (OED, 1977), which does not correspond to the Spanish usages of 'sobrevivir' or 'superviviente'. ",,,
,,,,,,,
,,,,,,,
suspension of deportation,,suspensión de (la) deportación,,,,,
,,,,,,,
"sworn, to be ",,estar juramentado; estar puesto bajo juramento; estar bajo protesta (de decir verdad),,"In Mexico in particular, and in general in Spanish, it is common to hear the phrase 'protesta de decir verdad'. However, while this may be the native or more authentic way to say this, it quickly leads to confusion in the American context. Use with caution.",,,
,,,,,,,
,,,,,,,
TA (Trial Attorney),,"Abogado del Gobierno, Representante del Departamento (de Seguridad Nacional)",,"Is a Trial Attorney a litigator? What is the equivalent of this role in Spanish? Procurador? As per Aaron Lindsay, DHS attorneys are not prosecutors; ""at most, we're General Counsel""; as per Jeremy Santoro, ""prosecutor"" would be ""fair"", but they are Trial Attorneys; as per Cheryl Gutridge, ""I can see how someone sitting in the respondent's position would not appreciate the difference between the role of a prosecutor and that of DHS Attorney""; she defines their role as Trial Attorney, is not aware of whether there is a differentiation between a litigator and a Trial Attorney, and would lean towards a translation of ""DHS Representative"" for their title. As per Staff Attorneys of Cleveland EOIR on 9/20/19, a 'litigator' may be someone who works in litigation -- preparing briefs and filings, etc -- but never sees a courtroom, whereas a TA is someone who by definition does in-court litigation work. As per Jowers, p. 95, 'abogado litigante'. See 'Assistant Chief Counsel'.",,,
,,,,,,,
,,,,,,,
take judicial notice,,reconocer como hecho notorio,,"As per Jowers, p. 143, ""reconocer judicialmente como hecho notorio no necesitado de prueba""",,,
,,,,,,,
,,,,,,,
target,,"blanco, objetivo, ir contra, atentar contra",,,,,
,,,,,,,
Temporary Protected Status (TPS),,"(USA) estatus, (worldwide) condición, (Spain/EU) estatuto de protección temporal",,"Interestingly, Spanish seems to have adopted 'temporal', probably through influence from English, in this instance, rather than for example 'provisional'. It is seen in the ACNUR manual, as well as in Directiva 2001/55/CE del Consejo, de 20 de julio de 2001. It is also broadly used by USCIS and within the United States. The recommended phrase would be 'condición de protección temporal', acknowledging that many here in the US are likely to call it 'estatus'. For more on the usage of 'estatuto', see resources from the Centro de Acogida a Refugiados, in Spain.",,,
,,,,,,,
,,,,,,,
temporary restraining order,,Orden de restricción/cesación provisional,,"As per Jowers, p. 142, re: cesación. The issue here is whether we're talking about a criminal (restriccion) restraining order or civil (cesacion).",,,
,,,,,,,
,,,,,,,
temporary worker,,trabajador temporal,,For example: https://www.empleo.gob.mx/sne/programa-trabajadores-agricolas-temporales-mexico-canada,,,
,,,,,,,
,,"privar, extinguir, sobreseer",,"USCIS, EOIR, DHS, and other agencies use 'termination' to refer to the process of stripping someone of refugee, asylum, withholding, CPR, or LPR status. The UNHCR manual refers to this process (solely as regards refugees, of course) as 'withdrawal' (of status) or 'privación' (p. 29). That term in Spanish very clearly means that something is being taken from someone. However, there are circumstances wherein a 'termination' is not meant in as punitive or negative a sense; for example, when a former asylee adjusts to LPR, their asylum status is 'terminated'. Sometimes people talk in a general way about 'terminating' a case. Consider for these situations 'extinguir' or 'sobreseer'. See entry on withdrawal for more.",,,
terminate,,,,,,,
,,,,,,,
testimonial evidence,,prueba testimonial,,,,,
,,,,,,,
threshold eligibility has not been established (the),,no se ha demostrado que cumple con/reúne los requisitos mínimos,,,,,
,,,,,,,
time-barred,,queda fuera de plazo; inadmisible por ser tramitado fuera de plazo,,,,,
,,,,,,,
time for filing an appeal,,período/plazo para presentar/tramitar una apelación,,"Note: the more native option to refer to an appeal is 'recurso', and in talking about 'appealing', in general, recurrir is probably a better option. However, when referring to a second instance appeal as such, 'apelación' is entirely accurate and appropriate. Obviously, in the Immigration context, all appeals are second-instance appeals.",,,
,,,,,,,
,,,,,,,
toll-free number,,teléfono gratuito,,For example: https://tarifasgasluz.com/comercializadoras/endesa/telefono-gratuito,,,
,,,,,,,
,,turista,,,,,
tourist,,,,,,,
,,,,,,,
trafficking of a controlled substance,,traficar una sustancia controlada,,See 'controlled substance' for more.,,,
,,,,,,,
,,,,,,,
transcript of the hearing,,"transcripción de la audiencia, vista",,,,,
,,,,,,,
transit (in),,(en) tránsito,,,,,
,,,,,,,
transit alien,,extranjero en tránsito,,,,,
,,,,,,,
transit visa,,visado de tránsito,,For example: https://france-visas.gouv.fr/es/web/france-visas/visado-de-transito-aeroportuario,,,
,,,,,,,
,,,,,,,
Transition Period Custody Rules,,"Reglas, Normas de Custodia del Periodo de Transición",,See 303(b)(3) of Div. C of Public Law 104-208 (IIRIRA).,,,
,,,,,,,
,,,,,,,
travel documents,,documentos de viaje,,,,,
,,,,,,,
trigger a/the bar,,"crear, representar un impedimento por ley",,"For example, ""Your priors for drug trafficking trigger a bar and therefore you are ineligible""; ""The bar was not triggered when Respondent left to consular process, but rather when Respondent subsequently re-entered without inspection and without having first acquired a visa.""",,,
,,,,,,,
,,,,,,,
U.S. Citizen (USC),,"Ciudadano de los Estados Unidos, Ciudadano Americano / Estadounidense",,,,,
,,,,,,,
unaccompanied alien child,,menor no acompañado,,"As per UNHCR Manual y Directrices Sobre Procedimientos y Criterios Para Determinar la Condición de Refugiado, pp. 46",,,
,,,,,,,
,,,,,,,
unaltered passport,,"pasaporte sin alteraciones, inalterado",,"According to the Secretario de Relaciones Exteriores de México, an 'altered passport' would be a 'pasaporte alterado' (Reglamento de pasaportes y del documento de identidad y viaje, Nuevo Reglamento publicado en el Diario Oficial de la Federación el 5 de agosto de 2011). ",,,
,,,,,,,
,,,,,,,
unauthorized worker ,,trabajador no autorizado,,"USCIS talks about 'autorización de empleo' (Employment Authorization), and that's what, in general, this refers to.",,,
,,,,,,,
,,,,,,,
(to take) under advisement,,"tener en cuenta, estudiar, deliberar",,"This is an elliptical or euphemistic phrase used broadly in US English, and is essentially a synonym of 'to consider' or 'to deliberate'.",,,
,,,,,,,
,,agente encubierto,,,,,
undercover agent,,,,,,,
,,,,,,,
undocumented immigrant ,,migrante irregular,,This is as per Mexico's terminology. https://www.gob.mx/tramites/identidad See 'Nationality and Status' reference for more.,,,
,,,,,,,
,,,,,,,
unexpired passport,,"pasaporte vigente, pasaporte sin caducar",,,,,
,,,,,,,
uninterrupted residence,,residencia ininterrumpida,,,,,
,,,,,,,
United Nations High Commissioner for Refugees,,Alto Comisionado de las Naciones Unidas para los refugiados,,,,,
,,,,,,,
United Nations Convention Relating to the Status of Refugees ,,La Convención relacionada con el estatus de refugiados de las Naciones Unidas,,,,,
,,,,,,,
unpublished decision (BIA),,"fallo, decisión de la Junta de Apelaciones Migratorias no publicado/a",,,,,
,,,,,,,
unrelinquished domicile,,domicilio no renunciado,,"This phrase became common when it was used in the title of USCIS Form I-191, Application for Advance Permission to Return to Unrelinquished Domicile, currently referred to as Application for Relief Under Former Section 212(c) of the Immigration and Nationality Act (INA). See also 8 CFR 1212.3. ",,,
,,,,,,,
,,,,,,,
"unusual, outstanding and countervaillance equities",,"factores positivos inusuales, excepcionales o vigentes que compensan, compensatorios",,"This phrase is case law from Elramly v. INS, although partially referencing Varela-Blanco v. INS. In Elramly v. INS, Mr. Elramly had been convicted of a 'serious drug offense', and therefore had to show the BIA 'unusual or outstanding and countervailing equities' that would overcome the serious drug offense on his record. There are a few complicating factors: 'equities' should, linguistically, be positive factors. However, in Immigration law they are often 'negative or positive equities', in other words, negative or positive factors to be balanced. 'outstanding' can mean 'really exceptional', and it can also mean 'still in existence'.  'countervailing', meanwhile, is a term that means 'to be worth as much as'. So what we're looking at, here, is 'positive factors that are unusual, exceptional/still in existence and of equal, but opposite, weight.'",,,
,,,,,,,
,,,,,,,
upgrade a petition,,agilizar una petición,,"If an LPR has filed an I-130 to USCIS on behalf of a spouse/minor child, and that LPR has since become a naturalized citizen, the peitioner may inform USCIS of their change in status, which will make the I-130 move faster. It is unclear as to whether 'upgrade' is an official USCIS term.",,,
,,,,,,,
,,,,,,,
uphold,,"(objections) dar lugar a; (uphold an appeal) declarar firme (la resolución recurrida o apelada), declarar haber lugar",,See 'Decisions and Appeals' reference for more.,,,
,,,,,,,
,,,,,,,
USCIS,,Servicios de Ciudadanía e Inmigración de los Estados Unidos,,,,,
,,,,,,,
USDOJ,,Departamento de Justicia de los Estados Unidos,,,,,
,,,,,,,
vacated,,declarado nulo,,,,,
,,,,,,,
venue,,"fuero, (lower register: tribunal)",,"The coexistence of 'forum' and 'venue' is a lovely example of the multiple pools that the English language draws from, and of there being two terms in English equating to one in Spanish. Both are, of course, Latin in origin, but venuecame later from French, referring to 'the place to which the case comes' (Black's), and forum, far older, refers more specifically to 'the place of jurisdiction' (Black's). A more in-depth explanation, again Black's, quoting Charles Alan Wright, The Law of Federal Courts, ""The distinction must be clearly understood between jurisdiction, which is the power to adjudicate, and venue, which relates to the place where judicial authority may be exercised and is intended for the convenience of the litigants. It is possible for jurisdiction to exist though venue in a particular district is improper, and it is possible for a suit to be brought in the appropriate venue though it must be dismissed for lack of jurisdiction."" See also jurisdiction, competence.",,,
,,,,,,,
,,,,,,,
visa,,visado,,What's the difference (dialectical preference? Caribbean only?) between visa and visado?,,,
,,,,,,,
,,,,,,,
visa expiration date,,fecha de caducidad del visado,,,,,
,,,,,,,
visa stamp,,sello del visado,,,,,
,,,,,,,
visa validity,,validez del visado,,,,,
,,,,,,,
Visa Waiver Program,,programa de exención de visados,,,,,
,,,,,,,
visitor's visa,,visado de visitante,,,,,
,,,,,,,
voluntary departure,,salida voluntaria,,,,,
,,,,,,,
voluntary departure at the conclusion of removal proceedings,,"salida voluntaria tras, a la conclusión de la audiencia",,"Frequently referred to as 'post-conclusion voluntary departure', the actual term is at the conclusion of removal proceedings, as per 8 CFR§ 1240.26 (c).",,,
,,,,,,,
,,,,,,,
voluntary departure bond,,fianza de salida voluntaria,,,,,
,,,,,,,
voluntary departure with safeguards,,salida voluntaria con escolta,,as per discussion at 2019 Interpreter's Teleconference,,,
,,,,,,,
,,,,,,,
VTC,,"videoconferencia, videollamada",,,,,
,,,,,,,
waive the presence of respondent,,"Permitir que no se presente, exonerar la presencia del compareciente",,,,,
,,,,,,,
,,,,,,,
waiver,,"(give up) renunciar; (opt not to) optar por no; (to allow in a specific instance); permitir  (an allowance in a specific instance) dispensa, exención",,,,,
,,,,,,,
waiver of ineligibility / inadmissability / waiver ,,exención de la inadmisibilidad,,,,,
,,,,,,,
warning regarding knowingly filing a frivolous asylum application,,aviso/advertencia contra la tramitación de una solicitud de asilo que contiene falsedades,,See 'frivolous'; 'que contiene falsedades as per Interpreter's Teleconference 2019,,,
,,,,,,,
,,,,,,,
weighed the evidence,,"sopesó (weighed), valoró (evaluated), ponderó (considered) las pruebas",,,,,
,,,,,,,
welfare,,programas de bienestar,,"Welfare' was a specific program rolled out across the United States during the 1990s, and has become a generalized term synonymous with 'public assistance' or 'public benefits', and is the topic of much heated debate. An interesting counterpoint to this is the way 'bienestar' is used in Spain, wherein most political parties, from the center-right through the left, talk about how important it is to 'mantener el estado de bienestar'.",,,
,,,,,,,
,,,,Need the citation from ACNUR,,,
"well founded fear of persecution based on race, religion, nationality, member in a particular social group or political opinion ",,"temor fundado de persecución basado en la raza, religión, nacionalidad, o membresía en un determinado grupo social",,,,,
,,,,,,,
wet foot dry foot policy,,política de pie mojado pie seco,,Description for this,,,
,,,,,,,
,,,,,,,
willful misrepresentation of a material fact ,,"representación falsa intencional, inexacta intencional, tergiversación de un hecho importante, esencial, pertinente",,"The ACNUR manual provides this variously as representación inexacta and tergiversación, speaking to the flexibility of the term misrepresentation. See also 'material fact', 'fraud or misrepresentation'.",,,
,,,,,,,
,,,,,,,
withdrawal of application,,"retiro, retirada de la solicitud",,"A respondent, or an IJ or attorney on behalf of a respondent, may withdraw(retirar) an application; however, if an IJ or other authority, for example, withdraws refugee status, it is terminated in English. See entry on termination for more.",,,
,,,,,,,
,,,,,,,
withholding of deportation,,suspensión de la deportación,,"Two things of note: contrast withholding, which implies impermanence, with cancellation. Additionally, note that withholding of deportation is relief only available to older cases; newer cases refer to withholding of removal.",,,
,,,,,,,
,,,,,,,
withholding of removal,,suspensión de la expulsión,,,,,
,,,,,,,
"Women, Infants and Children (WIC)",,"WIC, el programa WIC",,,,,
,,,,,,,
work authorization,,"autorización de empleo, trabajo",,The technical term for this is Employment Authorization Document. Both 'Work Authorization' and 'Work Permit' are colloquial forms. See Employment Authorization Document (EAD).,,,
,,,,,,,
,,,,,,,
work permit,,"permiso de empleo, trabajo",,"The technical term for this is Employment Authorization Document. Both 'Work Authorization' and 'Work Permit' are colloquial forms. See Employment Authorization Document (EAD). Additionally, be careful with how you formulate this expression, as '¿le dieron permiso de trabajar?' does not mean the same thing as '¿le dieron un permiso de trabajo?'",,,
,,,,,,,
,,,,,,,
"writ of habeas corpus, mandamus",,"auto, orden de habeas corpus, mandamus",,"There are many types of 'writs', which are 'autos' or 'ordenes', something that expresses that the judge is issuing an order, in common law. Most of them do not correspond to any equivalent legal instrument or action in civil law. Conveniently, many of them are given Latin names in English, and not only a defensible, but a recommended, translation solution to this issue is to leave it in Latin, so for instances such as these, simply say 'auto de habeas corpus' or 'orden de mandamus'.",,,
